19. Dez 2018,Delisted (Notierungsaufnahme),Deutsche Industrie REIT-AG, Finanzdienstleistung,None,None," € 11,45 "," € 257.625.824,40"
29. Okt 2018,Delisted (Notierungsaufnahme),Linde plc, Chemie,None,None," € 147,00 "," € 81.005.021.643,00"
12. Aug 2015,Delisted (Notierungsaufnahme),Fyber N.V., Software,None,None," € 3,53 "," € 404.302.665,49"
08. Jun 2015,Delisted (Notierungsaufnahme),Mars One Ventures AG, Finanzdienstleistung,None,None," € 3,75 "," € 45.000.000,00"
18. Sep 2014,Delisted (Notierungsaufnahme),STRATEVIC FINANCE GR. AB, Software,None,None," € 3,00 "," € 1.091.249.994,00"
25. Aug 2014,Delisted (Notierungsaufnahme),Xin Rui Ke (China) AG, Handel,None,None," € 9,08 "," € 164.445.156,00"
31. Jul 2014,Delisted (Notierungsaufnahme),VALENS Holding AG, Finanzdienstleistung,None,None," € 7,50 "," € 75.000.000,00"
11. Jun 2014,Delisted (Notierungsaufnahme),Rapid Nutrition PLC, Handel,None,None," € 2,90 "," € 67.246.374,50"
16. Apr 2014,Delisted (Notierungsaufnahme),Bancorp Wealth Management New Zealand Ltd., Banken,None,None," € 4,20 "," € 41.998.315,80"
27. Jan 2014,Delisted (Notierungsaufnahme),Tintbright AG, Konsumgüter,None,None," € 12,20 "," € 24.400.000,00"
22. Jan 2014,Delisted (Notierungsaufnahme),DO Deutsche Office AG, Finanzdienstleistung,None,None," € 3,25 "," € 435.309.371,25"
11. Okt 2013,Delisted (Notierungsaufnahme),VanCamel AG, Handel,None,None," € 2,10 "," € 31.500.000,00"
07. Jun 2013,Delisted (Notierungsaufnahme),Pacific Retail Merchants AG, Handel,None,None," € 2,25 "," € 14.406.766,00"
06. Mär 2013,Delisted (Notierungsaufnahme),Management Resource Solutions PLC, Industrie,None,None," € 1,40 "," € 42.560.000,00"
29. Jun 2012,Delisted (Notierungsaufnahme),biolitec AG, Pharma & Gesundheit,None,None,None,None
25. Mai 2012,Delisted (Notierungsaufnahme),FilmConfect AG, Medien,None,None," € 1,00 "," € 868.481,00"
04. Apr 2012,Delisted (Notierungsaufnahme),CIG Wireless Corp., Technologie,None,None,None,None
23. Mär 2012,Delisted (Notierungsaufnahme),Sofrinsky Experimental Mechanical Plant OJSC, Industrie,None,None," € 3,00 "," € 67.704.000,00"
29. Dez 2011,Delisted (Notierungsaufnahme),Gruschwitz Textilwerke AG, Industrie,None,None," € 118,00 "," € 19.824.000,00"
08. Dez 2011,Delisted (Notierungsaufnahme),Waste4Power PLC, -kein-,None,None," € 3,59 "," € 71.800.000,00"
08. Dez 2011,Delisted (Notierungsaufnahme),Van Beuren & Rosenthal Inc., -kein-,None,None," € 2,06 "," € 1.069.758,00"
07. Dez 2011,Delisted (Notierungsaufnahme),Flash Listings Ltd., -kein-,None,None," € 0,821 "," € 82.126.272,00"
06. Dez 2011,Delisted (Notierungsaufnahme),Micro Tissue Technology PLC, -kein-,None,None," € 2,34 "," € 46.920.000,00"
30. Nov 2011,Delisted (Notierungsaufnahme),Optimizer International Group Inc., -kein-,None,None," € 0,58 "," € 2.915.000,00"
30. Nov 2011,Delisted (Notierungsaufnahme),International SX Industries Inc., -kein-,None,None," € 0,60 "," € 2.158.950,00"
29. Nov 2011,Delisted (Notierungsaufnahme),Goldplex Resources Inc., -kein-,None,None," € 1,11 "," € 18.057.414,38"
29. Nov 2011,Delisted (Notierungsaufnahme),NES Industries Inc., -kein-,None,None," € 2,50 "," € 12.500.000,00"
29. Nov 2011,Delisted (Notierungsaufnahme),Spütz AG, -kein-,None,None," € 1,63 "," € 9.780.000,00"
29. Nov 2011,Delisted (Notierungsaufnahme),UAE Minerals Inc., -kein-,None,None," € 5,00 "," € 25.000.000,00"
29. Nov 2011,Delisted (Notierungsaufnahme),Clearpoint Projects Company Inc., -kein-,None,None," € 2,50 "," € 12.500.000,00"
23. Nov 2011,Delisted (Notierungsaufnahme),Entrade Capital PLC, -kein-,None,None," € 2,42 "," € 12.100.000,00"
22. Nov 2011,Delisted (Notierungsaufnahme),BioMass Energy and Technology Holding Inc., -kein-,None,None," € 1,83 "," € 88.857.948,48"
22. Nov 2011,Delisted (Notierungsaufnahme),First Eco Energy PLC, -kein-,None,None," € 0,05 "," € 250.000,00"
15. Nov 2011,Delisted (Notierungsaufnahme),Orion Equity Holdings PLC, -kein-,None,None,None,None
14. Nov 2011,Delisted (Notierungsaufnahme),SecurLinx Holding Corp., -kein-,None,None," € 0,65 "," € 3.250.000,00"
10. Nov 2011,Delisted (Notierungsaufnahme),Synergy Medical Group Corp., -kein-,None,None," € 0,95 "," € 5.911.375,00"
10. Nov 2011,Delisted (Notierungsaufnahme),Prudential Global Real Estate Corp., -kein-,None,None," € 0,77 "," € 11.550.000,00"
09. Nov 2011,Delisted (Notierungsaufnahme),Giant Luxury [UK] PLC, -kein-,None,None," € 1,02 "," € 5.125.000,00"
04. Nov 2011,Delisted (Notierungsaufnahme),Rial Finance PLC, -kein-,None,None," € 1,00 "," € 5.000.000,00"
31. Okt 2011,Delisted (Notierungsaufnahme),NNR N Natural Resources Inc., -kein-,None,None," € 2,10 "," € 2.178.928,50"
31. Okt 2011,Delisted (Notierungsaufnahme),South Pacific Biofuels PLC, -kein-,None,None," € 2,098 "," € 10.490.000,00"
31. Okt 2011,Delisted (Notierungsaufnahme),Prime Mantle Corporation PLC, -kein-,None,None," € 0,10 "," € 22.722.831,00"
27. Okt 2011,Delisted (Notierungsaufnahme),Westhouse Medical Services PLC, -kein-,None,None," € 0,82 "," € 25.720.667,00"
27. Okt 2011,Delisted (Notierungsaufnahme),Yuxinlong International Ltd., -kein-,None,None," € 2,97 "," € 19.350.500,00"
26. Okt 2011,Delisted (Notierungsaufnahme),Jufeel HengChang Precious Metal Renewable Resource AG, -kein-,None,None," € 1,05 "," € 525.000,00"
25. Okt 2011,Delisted (Notierungsaufnahme),ADC Cable Plc., -kein-,None,None,None,None
21. Okt 2011,Delisted (Notierungsaufnahme),Koch Gruppe Automobile AG, -kein-,None,None," € 0,55 "," € 1.469.798,00"
21. Okt 2011,Delisted (Notierungsaufnahme),ECO Capital Investments Corp., -kein-,None,None," € 1,11 "," € 55.500.000,00"
17. Okt 2011,Delisted (Notierungsaufnahme),Bracken International Mining, -kein-,None,None," € 1,10 "," € 550.000.000,00"
17. Okt 2011,Delisted (Notierungsaufnahme),La Bonita PLC, -kein-,None,None," € 1,24 "," € 12.400.000,00"
14. Okt 2011,Delisted (Notierungsaufnahme),Bluetail Inc., -kein-,None,None," € 0,51 "," € 5.100.000,00"
10. Okt 2011,Delisted (Notierungsaufnahme),MR 123 PLC, -kein-,None,None," € 0,75 "," € 75.000.000,00"
06. Okt 2011,Delisted (Notierungsaufnahme),Salt of Life International AG, -kein-,None,None," € 7,02 "," € 56.160.000,00"
06. Okt 2011,Delisted (Notierungsaufnahme),ABO Invest AG, -kein-,None,None," € 1,13 "," € 5.625.000,00"
05. Okt 2011,Delisted (Notierungsaufnahme),United Mining PLC, -kein-,None,None," € 1,15 "," € 5.750.000,00"
04. Okt 2011,Delisted (Notierungsaufnahme),Petrolog Energy Inc., -kein-,None,None," € 3,10 "," € 37.260.000,00"
30. Sep 2011,Delisted (Notierungsaufnahme),Haldane Mccall PLC, -kein-,None,None," € 0,62 "," € 86.800.000,00"
30. Sep 2011,Delisted (Notierungsaufnahme),PG Alluvial Mining PLC, -kein-,None,None," € 1,53 "," € 60.150.420,00"
30. Sep 2011,Delisted (Notierungsaufnahme),WSH Sporthorses AG, -kein-,None,None," € 31,60 "," € 413.960,00"
29. Sep 2011,Delisted (Notierungsaufnahme),Asia Growth Venture PLC, -kein-,None,None,None,None
28. Sep 2011,Delisted (Notierungsaufnahme),Astra Resources PLC, -kein-,None,None," € 1,60 "," € 1.442.928.603,00"
27. Sep 2011,Delisted (Notierungsaufnahme),Drywave Technologies Inc., -kein-,None,None," € 0,85 "," € 637.500,00"
22. Sep 2011,Delisted (Notierungsaufnahme),Hemi-Phon PLC, -kein-,None,None," € 0,12 "," € 42.840.000,00"
15. Sep 2011,Delisted (Notierungsaufnahme),Harmoni Resources PLC, -kein-,None,None," € 0,29 "," € 24.360.000,00"
12. Sep 2011,Delisted (Notierungsaufnahme),Xytos International Inc., -kein-,None,None," € 1,00 "," € 25.000.000,00"
02. Sep 2011,Delisted (Notierungsaufnahme),RAK Marine International Inc., -kein-,None,None," € 2,90 "," € 923.650,00"
01. Sep 2011,Delisted (Notierungsaufnahme),GNM - Good News Media Group PLC, -kein-,None,None," € 1,459 ", -
31. Aug 2011,Delisted (Notierungsaufnahme),Stoney Plains Resources Corp., -kein-,None,None," € 1,10 "," € 11.000.000,00"
31. Aug 2011,Delisted (Notierungsaufnahme),Resource Conversion PLC, -kein-,None,None," € 0,28 "," € 1.425.000,00"
31. Aug 2011,Delisted (Notierungsaufnahme),Pro Financial Holdings Inc., -kein-,None,None," € 0,51 "," € 2.550.000,00"
31. Aug 2011,Delisted (Notierungsaufnahme),Venatus Interactive PLC, -kein-,None,None," € 3,75 "," € 11.250.000,00"
31. Aug 2011,Delisted (Notierungsaufnahme),Adera Energy PLC, -kein-,None,None," € 0,50 "," € 2.500.000,00"
30. Aug 2011,Delisted (Notierungsaufnahme),INT Teleworld Inc., -kein-,None,None," € 1,10 "," € 5.500.000,00"
29. Aug 2011,Delisted (Notierungsaufnahme),Artificial Life Source Holding PLC, -kein-,None,None," € 1,65 "," € 164.500.000,00"
29. Aug 2011,Delisted (Notierungsaufnahme),Aspire International Group Ltd, -kein-,None,None," € 0,44 "," € 2.203.740,00"
29. Aug 2011,Delisted (Notierungsaufnahme),Citygrow Energy Sytems PLC, -kein-,None,None," € 0,13 "," € 580.500,00"
26. Aug 2011,Delisted (Notierungsaufnahme),N Square Technologies PLC, -kein-,None,None," € 0,13 "," € 585.000,00"
26. Aug 2011,Delisted (Notierungsaufnahme),Blessing Capital Inc., -kein-,None,None," € 0,50 "," € 1.250.000,00"
26. Aug 2011,Delisted (Notierungsaufnahme),GENR Global Earth Natural Resources Inc., -kein-,None,None," € 0,99 "," € 44.550.000,00"
22. Aug 2011,Delisted (Notierungsaufnahme),Vasseti (UK) PLC, Industrie,None,None," € 1,25 "," € 1.500.000.000,00"
16. Aug 2011,Delisted (Notierungsaufnahme),Mostoles Game PLC, -kein-,None,None," € 0,10 "," € 16.732.865,00"
12. Aug 2011,Delisted (Notierungsaufnahme),Sunercon Inc., -kein-,None,None," € 0,15 "," € 1.650.000,00"
11. Aug 2011,Delisted (Notierungsaufnahme),Refuel Refinery Group PLC, -kein-,None,None," € 1,85 "," € 46.435.000,00"
09. Aug 2011,Delisted (Notierungsaufnahme),Ultimaxus PLC, -kein-,None,None," € 3,82 "," € 17.190.000,00"
05. Aug 2011,Delisted (Notierungsaufnahme),FilmOn.com PLC, -kein-,None,None," € 4,50 "," € 49.525.713,00"
03. Aug 2011,Delisted (Notierungsaufnahme),Agrar Invest Romania AG, -kein-,None,None," € 1,00 "," € 12.028.986,95"
28. Jul 2011,Delisted (Notierungsaufnahme),Lion E-Mobility AG, -kein-,None,None," € 1,03 "," € 5.150.000,00"
26. Jul 2011,Delisted (Notierungsaufnahme),ABIL Holdings Ltd., -kein-,None,None," € 2,20 "," € 11.000.000,00"
26. Jul 2011,Delisted (Notierungsaufnahme),Hudson Oil Corporation Ltd., -kein-,None,None," € 5,30 "," € 649.515.000,00"
21. Jul 2011,Delisted (Notierungsaufnahme),Gold Tang PLC, -kein-,None,None," € 0,61 "," € 3.050.000,00"
15. Jul 2011,Delisted (Notierungsaufnahme),Ban Corp Holdings PLC, -kein-,None,None," € 0,10 "," € 35.100.000,00"
15. Jul 2011,Delisted (Notierungsaufnahme),Technopac International Inc., -kein-,None,None," € 0,50 "," € 5.000.000,00"
15. Jul 2011,Delisted (Notierungsaufnahme),Shan Dong Fu Yang Green Timber AG, -kein-,None,None," € 1,59 "," € 398.500,00"
14. Jul 2011,Delisted (Notierungsaufnahme),Solamon Energy Corp., -kein-,None,None," € 1,10 "," € 6.600.000,00"
13. Jul 2011,Delisted (Notierungsaufnahme),Man Oil Group AG, -kein-,None,None," € 39,50 "," € 62.410.000,00"
11. Jul 2011,Delisted (Notierungsaufnahme),Cuba Development & Investment PLC, -kein-,None,None,None,None
08. Jul 2011,Delisted (Notierungsaufnahme),Mobi International Ventures PLC, -kein-,None,None,None,None
06. Jul 2011,Delisted (Notierungsaufnahme),Arequipa Minerals Ltd., -kein-,None,None," € 0,89 "," € 17.800.000,00"
05. Jul 2011,Delisted (Notierungsaufnahme),Global Capital & Financial Corp., -kein-,None,None," € 0,72 "," € 1.038.797,00"
01. Jul 2011,Delisted (Notierungsaufnahme),Yuxinlong International Ltd., -kein-,None,None," € 2,60 "," € 16.900.000,00"
22. Jun 2011,Delisted (Notierungsaufnahme),Blue Web Mobile Media PLC, -kein-,None,None," € 0,50 "," € 25.500.000,00"
20. Jun 2011,Delisted (Notierungsaufnahme),REXTON Hotel & Property Group Ltd., -kein-,None,None," € 0,40 "," € 2.000.004,00"
17. Jun 2011,Delisted (Notierungsaufnahme),Safari Minerals Inc., -kein-,None,None," € 0,25 "," € 620.643,00"
16. Jun 2011,Delisted (Notierungsaufnahme),EuroGas AG, -kein-,None,None," € 0,15 "," € 562.500,00"
10. Jun 2011,Delisted (Notierungsaufnahme),Texas Oil & Minerals Inc., -kein-,None,None," € 1,15 "," € 11.500.000,00"
10. Jun 2011,Delisted (Notierungsaufnahme),E3A3 International Inc., -kein-,None,None," € 0,20 "," € 1.000.000,00"
10. Jun 2011,Delisted (Notierungsaufnahme),Infinergy Energy PLC, -kein-,None,None," € 4,44 "," € 19.980.000,00"
09. Jun 2011,Delisted (Notierungsaufnahme),CONNEX INVEST PLC, -kein-,None,None," € 0,03 "," € 150.000,00"
09. Jun 2011,Delisted (Notierungsaufnahme),3A Finance PLC, -kein-,None,None," € 1,20 "," € 30.000.000,00"
02. Jun 2011,Delisted (Notierungsaufnahme),Norton Scientific Inc., -kein-,None,None," € 0,95 "," € 5.605.000,00"
02. Jun 2011,Delisted (Notierungsaufnahme),Tornado Air PLC, -kein-,None,None," € 3,12 "," € 62.400.000,00"
01. Jun 2011,Delisted (Notierungsaufnahme),Investment Engine Ltd., -kein-,None,None," € 1,40 "," € 14.000.000,00"
31. Mai 2011,Delisted (Notierungsaufnahme),Asia Euro Oil PLC, -kein-,None,None," € 1,82 "," € 8.190.000,00"
31. Mai 2011,Delisted (Notierungsaufnahme),IPO.GO AG, -kein-,None,None," € 7,50 "," € 11.550.000,00"
27. Mai 2011,Delisted (Notierungsaufnahme),Agrigate Group Ltd., -kein-,None,None," € 0,49 "," € 411.600,00"
27. Mai 2011,Delisted (Notierungsaufnahme),StrackaLine PLC, -kein-,None,None," € 15,70 "," € 15.700.000,00"
26. Mai 2011,Delisted (Notierungsaufnahme),GAS Corporate Jets AG, -kein-,None,None," € 1,19 "," € 4.760.000,00"
26. Mai 2011,Delisted (Notierungsaufnahme),Xelleon PLC, -kein-,None,None," € 0,40 "," € 40.000.000,00"
18. Mai 2011,Delisted (Notierungsaufnahme),Orient Energy & Logistics Holdings Ltd., -kein-,None,None," € 0,30 "," € 1.500.000,00"
13. Mai 2011,Delisted (Notierungsaufnahme),African International Energy PLC, -kein-,None,None," € 0,50 "," € 100.000.000,00"
12. Mai 2011,Delisted (Notierungsaufnahme),Celestial Green Ventures PLC, -kein-,None,None," € 1,04 "," € 62.400.000,00"
05. Mai 2011,Delisted (Notierungsaufnahme),Zenith Mobile Communications PLC, -kein-,None,None," € 0,03 "," € 150.000,00"
04. Mai 2011,Delisted (Notierungsaufnahme),2 Up Gaming PLC, -kein-,None,None," € 0,10 "," € 28.974.966,00"
04. Mai 2011,Delisted (Notierungsaufnahme),Wall Street Equities Ltd., -kein-,None,None," € 0,01 "," € 100.000,00"
02. Mai 2011,Delisted (Notierungsaufnahme),AAIC Bullion Refineries Group Ltd, -kein-,None,None," € 4,15 "," € 166.000.000,00"
02. Mai 2011,Delisted (Notierungsaufnahme),BR-Energy PLC, -kein-,None,None," € 0,10 "," € 500.000,00"
26. Apr 2011,Delisted (Notierungsaufnahme),Protech Technology Inc., -kein-,None,None," € 0,03 "," € 150.000,00"
21. Apr 2011,Delisted (Notierungsaufnahme),Global Precious Commodities PLC, -kein-,None,None," € 0,10 "," € 500.000,00"
21. Apr 2011,Delisted (Notierungsaufnahme),ROK Stars PLC, -kein-,None,None," € 0,10 "," € 500.000,00"
18. Apr 2011,Delisted (Notierungsaufnahme),Global I-Care PLC, -kein-,None,None," € 0,01 "," € 60.000,00"
15. Apr 2011,Delisted (Notierungsaufnahme),Clean Bioenergy Inc., -kein-,None,None," € 1,00 "," € 5.000.000,00"
15. Apr 2011,Delisted (Notierungsaufnahme),American Soccer Corp., -kein-,None,None," € 1,05 "," € 5.250.000,00"
15. Apr 2011,Delisted (Notierungsaufnahme),Tsunami Bioreactor Company Ltd., -kein-,None,None,None,None
15. Apr 2011,Delisted (Notierungsaufnahme),Menasat Gulf Group Ltd., -kein-,None,None," € 2,80 "," € 14.000.064,00"
07. Apr 2011,Delisted (Notierungsaufnahme),Femin Inc., -kein-,None,None," € 1,00 "," € 9.953.005,00"
05. Apr 2011,Delisted (Notierungsaufnahme),Lirefa Protection PLC, -kein-,None,None," € 1,40 "," € 6.160.000,00"
05. Apr 2011,Delisted (Notierungsaufnahme),City Windmills Ltd., -kein-,None,None," € 1,50 "," € 15.000.000,00"
04. Apr 2011,Delisted (Notierungsaufnahme),Auris AG, -kein-,None,None," € 1,00 "," € 30.000.000,00"
01. Apr 2011,Delisted (Notierungsaufnahme),Awesome Investments Inc., -kein-,None,None," € 1,02 "," € 765.000,00"
30. Mär 2011,Delisted (Notierungsaufnahme),Opera One AG, Finanzdienstleistung,None,None," € 10,05 "," € 201.000,00"
29. Mär 2011,Delisted (Notierungsaufnahme),Nozomi PLC, -kein-,None,None," € 0,89 "," € 4.495.000,00"
25. Mär 2011,Delisted (Notierungsaufnahme),Rototec Geothermal Energy PLC, -kein-,None,None," € 3,10 "," € 31.000.000,00"
21. Mär 2011,Delisted (Notierungsaufnahme),BAS LOgistics PLC, -kein-,None,None," € 2,72 "," € 13.600.000,00"
21. Mär 2011,Delisted (Notierungsaufnahme),World Wide Search PLC, -kein-,None,None,None,None
21. Mär 2011,Delisted (Notierungsaufnahme),Grupo Acerosa PLC, -kein-,None,None," € 0,10 "," € 510.000,00"
16. Mär 2011,Delisted (Notierungsaufnahme),eCentra AG, -kein-,None,None," € 4,60 "," € 1.150.000,00"
15. Mär 2011,Delisted (Notierungsaufnahme),ORIENT Strategies AG, -kein-,None,None," € 1,60 "," € 800.000,00"
14. Mär 2011,Delisted (Notierungsaufnahme),Eldora Gold Resources Ltd., -kein-,None,None," € 1,15 "," € 7.877.500,00"
24. Feb 2011,Delisted (Notierungsaufnahme),MyContract24 AG, -kein-,None,None," € 1,49 "," € 13.730.350,00"
14. Feb 2011,Delisted (Notierungsaufnahme),Global Earth Products Inc., -kein-,None,None,None,None
14. Feb 2011,Delisted (Notierungsaufnahme),Incan Gold Corp., -kein-,None,None," € 1,03 "," € 2.060.000,00"
14. Feb 2011,Delisted (Notierungsaufnahme),MOBILLER COMMUNICATIONS Inc., -kein-,None,None," € 2,00 "," € 4.000.000,00"
14. Feb 2011,Delisted (Notierungsaufnahme),Revolutionary Concepts Inc., -kein-,None,None,None,None
14. Feb 2011,Delisted (Notierungsaufnahme),Stethuscope International Inc., -kein-,None,None," € 0,80 "," € 2.400.000,00"
14. Feb 2011,Delisted (Notierungsaufnahme),Formula Resources Inc., -kein-,None,None," € 2,04 "," € 3.060.000,00"
14. Feb 2011,Delisted (Notierungsaufnahme),Novus Oil Inc., -kein-,None,None," € 1,00 "," € 1.500.000,00"
14. Feb 2011,Delisted (Notierungsaufnahme),BSS Global Inc., -kein-,None,None," € 0,81 "," € 4.050.000,00"
14. Feb 2011,Delisted (Notierungsaufnahme),Cariboo Gold Mines PLC, -kein-,None,None," € 0,81 "," € 20.250.000,00"
14. Feb 2011,Delisted (Notierungsaufnahme),First Global Energy PLC, -kein-,None,None," € 0,30 "," € 38.794.630,00"
14. Feb 2011,Delisted (Notierungsaufnahme),Cinco Investments PLC, -kein-,None,None," € 15,00 "," € 3.750.000.000,00"
14. Feb 2011,Delisted (Notierungsaufnahme),Underseas Research & Recovery Ltd., -kein-,None,None," € 0,29 "," € 2.175.000,00"
14. Feb 2011,Delisted (Notierungsaufnahme),Millhouse Inc. PLC, -kein-,None,None," € 0,08 "," € 20.060.800,00"
11. Feb 2011,Delisted (Notierungsaufnahme),Zhihai Lighting Technology AG, -kein-,None,None," € 1,00 "," € 250.000,00"
11. Feb 2011,Delisted (Notierungsaufnahme),Mobile Loyalty PLC, -kein-,None,None," € 0,50 "," € 12.500.000,00"
11. Feb 2011,Delisted (Notierungsaufnahme),Giantcode Corporation PLC, -kein-,None,None," € 5,10 "," € 105.315.000,00"
11. Feb 2011,Delisted (Notierungsaufnahme),Mercantil Financial Services Ltd., -kein-,None,None,None,None
10. Feb 2011,Delisted (Notierungsaufnahme),Hutchison Minerals Co. Ltd., -kein-,None,None," € 0,34 "," € 884.000,00"
10. Feb 2011,Delisted (Notierungsaufnahme),Visi Inc PLC, -kein-,None,None," € 1,50 "," € 7.500.000,00"
10. Feb 2011,Delisted (Notierungsaufnahme),Sunlogics PLC, -kein-,None,None," € 1,38 "," € 6.900.000,00"
09. Feb 2011,Delisted (Notierungsaufnahme),First Newgate Petroleum Resources Co. Ltd., -kein-,None,None," € 0,05 "," € 187.500,00"
09. Feb 2011,Delisted (Notierungsaufnahme),AlgoSys Germany AG, -kein-,None,None," € 2,00 "," € 800.000,00"
09. Feb 2011,Delisted (Notierungsaufnahme),Worldwide Natural Resources PLC, -kein-,None,None," € 0,23 "," € 2.979.841,59"
09. Feb 2011,Delisted (Notierungsaufnahme),YD Ynvisible S.A., -kein-,None,None," € 3,00 "," € 30.000.000,00"
08. Feb 2011,Delisted (Notierungsaufnahme),Bonifaz Gold PLC, -kein-,None,None, - ," € 101.920.000,00"
07. Feb 2011,Delisted (Notierungsaufnahme),WorldWide Water Technologies PLC, -kein-,None,None," € 0,20 "," € 5.000.000,00"
07. Feb 2011,Delisted (Notierungsaufnahme),WorldWide Papa's PLC, -kein-,None,None," € 0,75 "," € 45.000.000,00"
07. Feb 2011,Delisted (Notierungsaufnahme),WMX Group Inc., -kein-,None,None," € 0,05 "," € 246.500,00"
07. Feb 2011,Delisted (Notierungsaufnahme),Curaxis Pharmaceutical Corp., -kein-,None,None," € 0,60 "," € 43.329.893,00"
07. Feb 2011,Delisted (Notierungsaufnahme),MRE Resources Inc., -kein-,None,None,None,None
02. Feb 2011,Delisted (Notierungsaufnahme),Cannabis Medical Solutions Inc., -kein-,None,None,None,None
02. Feb 2011,Delisted (Notierungsaufnahme),Rockberries PLC, -kein-,None,None," € 2,41 "," € 60.475.000,00"
02. Feb 2011,Delisted (Notierungsaufnahme),Integral Bioenergies Systems Corp., -kein-,None,None," € 2,07 "," € 25.937.500,00"
01. Feb 2011,Delisted (Notierungsaufnahme),Cubo Energy PLC, -kein-,None,None,None,None
31. Jan 2011,Delisted (Notierungsaufnahme),GOLD CAP RESOURCES INC., -kein-,None,None," € 0,49 "," € 1.711.500,00"
28. Jan 2011,Delisted (Notierungsaufnahme),Texas Petroleum Inc., -kein-,None,None,None,None
28. Jan 2011,Delisted (Notierungsaufnahme),Spagetti Place PLC, -kein-,None,None,None,None
28. Jan 2011,Delisted (Notierungsaufnahme),Dia Dental Aesthetics International Inc., -kein-,None,None," € 1,80 "," € 18.000.000,00"
19. Jan 2011,Delisted (Notierungsaufnahme),Mayberry Resources PLC, -kein-,None,None," € 0,50 "," € 12.500.000,00"
18. Jan 2011,Delisted (Notierungsaufnahme),Crestwood Point Gas & Oil Co. Ltd., -kein-,None,None," € 0,55 "," € 2.062.500,00"
18. Jan 2011,Delisted (Notierungsaufnahme),Minerals Mining PLC, -kein-,None,None," € 83,00 "," € 83.000.000,00"
18. Jan 2011,Delisted (Notierungsaufnahme),Maxray Optical Technology Co. Ltd., -kein-,None,None," € 0,40 "," € 12.691.540,00"
18. Jan 2011,Delisted (Notierungsaufnahme),Bentley Fairview Resources Co. Ltd., -kein-,None,None," € 1,49 "," € 6.705.000,00"
17. Jan 2011,Delisted (Notierungsaufnahme),Voice 1 direct Ltd., -kein-,None,None," € 1,58 "," € 62.031.239,24"
17. Jan 2011,Delisted (Notierungsaufnahme),AU Minera Corp., -kein-,None,None," € 1,29 "," € 2.580.000,00"
13. Jan 2011,Delisted (Notierungsaufnahme),House of Cool International Inc., -kein-,None,None," € 0,06 "," € 210.000,00"
03. Jan 2011,Delisted (Notierungsaufnahme),Nichenetmarketing PLC, -kein-,None,None," € 2,50 "," € 12.500.000,00"
03. Jan 2011,Delisted (Notierungsaufnahme),R Minus PLC, -kein-,None,None," € 1,20 "," € 6.000.000,00"
02. Jan 2011,Delisted (Notierungsaufnahme),Weng Fine Art AG, Handel,None,None," € 16,00 "," € 8.000.000,00"
29. Dez 2010,Delisted (Notierungsaufnahme),Grandall Solutions Inc., -kein-,None,None," € 0,08 "," € 2.008.000,00"
17. Dez 2010,Delisted (Notierungsaufnahme),PEARL GOLD AG, -kein-,None,None," € 7,50 "," € 76.875.000,00"
16. Dez 2010,Delisted (Notierungsaufnahme),Cannascor I AG, -kein-,None,None,None,None
16. Dez 2010,Delisted (Notierungsaufnahme),Sahara Petroleum Exploration Corp., -kein-,None,None," € 5,00 "," € 102.280.000,00"
15. Dez 2010,Delisted (Notierungsaufnahme),Local View Marketing Inc., -kein-,None,None,None,None
15. Dez 2010,Delisted (Notierungsaufnahme),Live Green Germ Free PLC, -kein-,None,None," € 1,45 "," € 36.250.000,00"
15. Dez 2010,Delisted (Notierungsaufnahme),Biosphere Development Corp., -kein-,None,None," € 6,00 "," € 122.736.000,00"
14. Dez 2010,Delisted (Notierungsaufnahme),Botaniex PLC, -kein-,None,None," € 1,03 "," € 6.044.040,00"
10. Dez 2010,Delisted (Notierungsaufnahme),Remote Security PLC, -kein-,None,None,None,None
10. Dez 2010,Delisted (Notierungsaufnahme),Sinaloa Gold PLC, -kein-,None,None," € 1,11 "," € 38.011.427,00"
10. Dez 2010,Delisted (Notierungsaufnahme),CBF China Bio-Fertilizer AG, Chemie,None,None," € 6,80 "," € 47.736.000,00"
06. Dez 2010,Delisted (Notierungsaufnahme),Guardians of Gold Inc., -kein-,None,None," € 1,15 "," € 57.656.400,00"
06. Dez 2010,Delisted (Notierungsaufnahme),Ticker Communications Inc., -kein-,None,None," € 0,75 "," € 12.186.123,00"
06. Dez 2010,Delisted (Notierungsaufnahme),Sikafo Gold Mines Ltd., -kein-,None,None," € 0,01 "," € 45.000,00"
06. Dez 2010,Delisted (Notierungsaufnahme),"Solerex Water Technologies Co.Ltd.,", -kein-,None,None,None,None
03. Dez 2010,Delisted (Notierungsaufnahme),Loto Inc., -kein-,None,None,None,None
30. Nov 2010,Delisted (Notierungsaufnahme),World Energy Holdings and Research PLC, -kein-,None,None," € 3,10 "," € 697.500,00"
26. Nov 2010,Delisted (Notierungsaufnahme),Gulf Projects PLC, -kein-,None,None," € 5,15 "," € 257.500.103,00"
24. Nov 2010,Delisted (Notierungsaufnahme),Phone Cash Mobile Payment Inc., -kein-,None,None,None,None
22. Nov 2010,Delisted (Notierungsaufnahme),Black Hawk Petroleum Inc., -kein-,None,None,None,None
19. Nov 2010,Delisted (Notierungsaufnahme),Now Advertising Production PLC, -kein-,None,None," € 0,20 "," € 60.000,00"
18. Nov 2010,Delisted (Notierungsaufnahme),Hoffmann AHG SE, -kein-,None,None," € 10,55 "," € 2.848.500,00"
17. Nov 2010,Delisted (Notierungsaufnahme),SM Prime Holdings Co.Ltd, -kein-,None,None,None,None
17. Nov 2010,Delisted (Notierungsaufnahme),Struans Holdings Corp., -kein-,None,None," € 3,15 "," € 63.000.000,00"
16. Nov 2010,Delisted (Notierungsaufnahme),Baltic Finance PLC, -kein-,None,None,None,None
15. Nov 2010,Delisted (Notierungsaufnahme),"Black Dragon Resources Ltd.,", -kein-,None,None," € 0,40 "," € 17.200.000,00"
15. Nov 2010,Delisted (Notierungsaufnahme),San Miguel Geothermal Power Co.Ltd., -kein-,None,None,None,None
15. Nov 2010,Delisted (Notierungsaufnahme),Hawkhurst Capital PLC, -kein-,None,None,None,None
12. Nov 2010,Delisted (Notierungsaufnahme),Knowledge Capital Ltd., -kein-,None,None," € 0,79 "," € 15.800.000,00"
10. Nov 2010,Delisted (Notierungsaufnahme),Swiss Global Moneycare AG, -kein-,None,None," € 1,05 "," € 840.000,00"
05. Nov 2010,Delisted (Notierungsaufnahme),Sejong Investments PLC, -kein-,None,None," € 3,52 "," € 176.000.070,00"
03. Nov 2010,Delisted (Notierungsaufnahme),Vegas77 Entertainment SE, -kein-,None,None," € 8,00 "," € 2.160.000,00"
02. Nov 2010,Delisted (Notierungsaufnahme),Liso Goldmines plc, -kein-,None,None," € 1,28 "," € 32.000.000,00"
01. Nov 2010,Delisted (Notierungsaufnahme),China Pyromedia Ltd., -kein-,None,None," € 0,91 "," € 4.095.910,00"
29. Okt 2010,Delisted (Notierungsaufnahme),Rainpure Water PLC, -kein-,None,None," € 3,45 "," € 69.000.069,00"
27. Okt 2010,Delisted (Notierungsaufnahme),Clenergen Corp., -kein-,None,None," € 0,60 "," € 63.367.159,00"
27. Okt 2010,Delisted (Notierungsaufnahme),Global Dynamix Solutions GB PLC, -kein-,None,None," € 1,25 "," € 37.500.000,00"
27. Okt 2010,Delisted (Notierungsaufnahme),Allgreentech International Plc, -kein-,None,None,None,None
22. Okt 2010,Delisted (Notierungsaufnahme),True Green Energy Group Corp., -kein-,None,None," € 10,00 "," € 350.000.000,00"
20. Okt 2010,Delisted (Notierungsaufnahme),Mind Solutions Inc., -kein-,None,None," € 0,45 "," € 4.500.000,00"
20. Okt 2010,Delisted (Notierungsaufnahme),Lucky Punch Inc., -kein-,None,None," € 0,20 "," € 200.740,00"
19. Okt 2010,Delisted (Notierungsaufnahme),Electrum Mining Resources Ltd., -kein-,None,None,None,None
15. Okt 2010,Delisted (Notierungsaufnahme),Nanotech Systems Inc., -kein-,None,None," € 3,00 "," € 30.000.000,00"
15. Okt 2010,Delisted (Notierungsaufnahme),Razzlo PLC, -kein-,None,None,None,None
12. Okt 2010,Delisted (Notierungsaufnahme),Blindata PLC, -kein-,None,None,None,None
08. Okt 2010,Delisted (Notierungsaufnahme),Primary Capital Ltd., -kein-,None,None," € 2,00 "," € 5.000.000,00"
08. Okt 2010,Delisted (Notierungsaufnahme),Greenworld Wind Supreme Power Co. Ltd., -kein-,None,None," € 0,25 "," € 1.555.000,00"
08. Okt 2010,Delisted (Notierungsaufnahme),EUROMAX Entertainment Ltd., -kein-,None,None," € 0,25 "," € 6.250.000,00"
05. Okt 2010,Delisted (Notierungsaufnahme),Bizingo Inc., -kein-,None,None,None,None
29. Sep 2010,Delisted (Notierungsaufnahme),Jatet Petro Technology PLC, -kein-,None,None," € 0,51 "," € 12.750.000,00"
29. Sep 2010,Delisted (Notierungsaufnahme),EHouse Global PLC, -kein-,None,None," € 0,80 "," € 9.617.600,00"
29. Sep 2010,Delisted (Notierungsaufnahme),Quantitative Alpha Trading Inc., -kein-,None,None,None,None
27. Sep 2010,Delisted (Notierungsaufnahme),Capitol W.B.C. PLC, -kein-,None,None," € 6,00 "," € 30.000.000,00"
27. Sep 2010,Delisted (Notierungsaufnahme),Advanced Envirotec Corp., -kein-,None,None," € 1,70 "," € 5.950.000,00"
23. Sep 2010,Delisted (Notierungsaufnahme),Aurum Mining Resources PLC, -kein-,None,None," € 4,00 "," € 20.000.000,00"
21. Sep 2010,Delisted (Notierungsaufnahme),Aphex BioCleanse Systems Corp., -kein-,None,None,None,None
21. Sep 2010,Delisted (Notierungsaufnahme),Kennedy Capital Corp., -kein-,None,None," € 1,25 "," € 6.525.000,00"
15. Sep 2010,Delisted (Notierungsaufnahme),Recyc Commodities SE, -kein-,None,None," € 3,00 "," € 900.000,00"
08. Sep 2010,Delisted (Notierungsaufnahme),JSM Wireless UK PLC, -kein-,None,None," € 12,20 "," € 3.077.718,00"
07. Sep 2010,Delisted (Notierungsaufnahme),Global Crown Solar Power Co.Ltd., -kein-,None,None," € 2,00 "," € 5.183.600,00"
31. Aug 2010,Delisted (Notierungsaufnahme),Potrimpos Capital SE, -kein-,None,None,None,None
31. Aug 2010,Delisted (Notierungsaufnahme),Evergreen Bamboo International Ltd., -kein-,None,None,None,None
18. Aug 2010,Delisted (Notierungsaufnahme),Southeast Asia Renewable Power Company Ltd., -kein-,None,None," € 1,10 "," € 349.800,00"
18. Aug 2010,Delisted (Notierungsaufnahme),ICZ Holding N.V., -kein-,None,None," € 13,00 "," € 34.840.468,00"
13. Aug 2010,Delisted (Notierungsaufnahme),COMplus Technologies SE, -kein-,None,None," € 3,64 "," € 1.092.000,00"
12. Aug 2010,Delisted (Notierungsaufnahme),Madison Property AG, Finanzdienstleistung,None,None," € 26,60 "," € 93.100.000,00"
12. Aug 2010,Delisted (Notierungsaufnahme),Global Aviation Syndicate Ltd., -kein-,None,None," € 0,81 "," € 202.500,00"
10. Aug 2010,Delisted (Notierungsaufnahme),AUTEV AG, -kein-,None,None," € 26,00 "," € 14.820.000,00"
28. Jul 2010,Delisted (Notierungsaufnahme),China Zongbao Clean Tech Ltd., -kein-,None,None," € 1,05 "," € 38.272.500,00"
28. Jul 2010,Delisted (Notierungsaufnahme),Qeteras Ltd., -kein-,None,None,None,None
26. Jul 2010,Delisted (Notierungsaufnahme),Pure Biogas Solutions PLC, -kein-,None,None," € 1,00 "," € 25.000.234,00"
16. Jul 2010,Delisted (Notierungsaufnahme),Produced Water Solutions PLC, -kein-,None,None," € 1,50 "," € 37.500.000,00"
15. Jul 2010,Delisted (Notierungsaufnahme),German Brands PLC, -kein-,None,None," € 0,00 "," € 25.000,00"
07. Jul 2010,Delisted (Notierungsaufnahme),Cheung Wing Biotechnology Company Ltd., -kein-,None,None," € 0,01 "," € 130.000,00"
01. Jul 2010,Delisted (Notierungsaufnahme),MOWJOW PLC, -kein-,None,None," € 0,99 "," € 23.774.850,00"
29. Jun 2010,Delisted (Notierungsaufnahme),Viridis Technologies Inc., -kein-,None,None," € 1,25 "," € 20.758.750,00"
29. Jun 2010,Delisted (Notierungsaufnahme),MCW Energy Group Ltd., -kein-,None,None," € 0,55 "," € 68.750.000,00"
25. Jun 2010,Delisted (Notierungsaufnahme),HessGen Canada Inc., -kein-,None,None," € 2,00 "," € 120.000.000,00"
22. Jun 2010,Delisted (Notierungsaufnahme),iVegas Gaming Ltd., -kein-,None,None," € 0,89 "," € 356.000,00"
11. Jun 2010,Delisted (Notierungsaufnahme),Standard Gold Mines PLC, -kein-,None,None," € 1,45 "," € 62.718.590,00"
09. Jun 2010,Delisted (Notierungsaufnahme),BRAC SYSTEMS INC., -kein-,None,None," € 0,36 "," € 10.800.000,00"
08. Jun 2010,Delisted (Notierungsaufnahme),Big Rock Resources Inc., -kein-,None,None," € 1,00 "," € 1.133.333,00"
08. Jun 2010,Delisted (Notierungsaufnahme),TrafAir Capital AG, -kein-,None,None," € 25,00 "," € 25.000.000,00"
07. Jun 2010,Delisted (Notierungsaufnahme),Dynamic Systems Holdings Inc., -kein-,None,None," € 3,50 "," € 28.198.335,00"
03. Jun 2010,Delisted (Notierungsaufnahme),Chelsea Management Partners PLC, -kein-,None,None," € 0,70 "," € 17.500.000,00"
02. Jun 2010,Delisted (Notierungsaufnahme),Terra Sun Ltd., -kein-,None,None,None,None
31. Mai 2010,Delisted (Notierungsaufnahme),Apollo Bell International Plc, -kein-,None,None," € 2,75 "," € 68.750.000,00"
28. Mai 2010,Delisted (Notierungsaufnahme),Viridax Corp., -kein-,None,None," € 1,00 "," € 350.100,00"
28. Mai 2010,Delisted (Notierungsaufnahme),PS Vermögensverwaltung AG, -kein-,None,None," € 1,00 "," € 400.000,00"
28. Mai 2010,Delisted (Notierungsaufnahme),HQ LIFE AG, -kein-,None,None," € 1,00 "," € 400.000,00"
20. Mai 2010,Delisted (Notierungsaufnahme),Speciality Union Products PLC, -kein-,None,None," € 1,00 "," € 1.500.000,00"
20. Mai 2010,Delisted (Notierungsaufnahme),International Solar Systems PLC, -kein-,None,None," € 0,55 "," € 825.000,00"
20. Mai 2010,Delisted (Notierungsaufnahme),TOPMAC HOLDINGS PLC, -kein-,None,None," € 1,68 "," € 42.000.000,00"
12. Mai 2010,Delisted (Notierungsaufnahme),PCG President Corporate Group Ltd., -kein-,None,None," € 1,25 "," € 898.750,00"
11. Mai 2010,Delisted (Notierungsaufnahme),North Thunder Bay Mining Co. Ltd., -kein-,None,None," € 0,90 "," € 405.000,00"
10. Mai 2010,Delisted (Notierungsaufnahme),Apollo Capital Group Inc., -kein-,None,None," € 0,80 "," € 13.315.727,00"
07. Mai 2010,Delisted (Notierungsaufnahme),Visisys Holdings PLC, -kein-,None,None," € 0,45 "," € 22.500.000,00"
05. Mai 2010,Delisted (Notierungsaufnahme),Prairie West Oil & Gas Ltd, -kein-,None,None," € 0,70 "," € 11.049.917,00"
05. Mai 2010,Delisted (Notierungsaufnahme),Devonhill Technology Partners PLC, -kein-,None,None," € 0,45 "," € 37.935.000,00"
30. Apr 2010,Delisted (Notierungsaufnahme),Fashion TV Holding Ltd., -kein-,None,None," € 23,00 "," € 120.916.980,00"
30. Apr 2010,Delisted (Notierungsaufnahme),Globalm-Group PLC, -kein-,None,None," € 1,05 "," € 31.500.000,00"
28. Apr 2010,Delisted (Notierungsaufnahme),Texcan Capital Inc., -kein-,None,None," € 0,25 "," € 4.793.750,00"
22. Apr 2010,Delisted (Notierungsaufnahme),Cobram Oil PLC, -kein-,None,None," € 1,80 "," € 9.000.000,00"
20. Apr 2010,Delisted (Notierungsaufnahme),Sapphire Capital PLC, -kein-,None,None," € 1,52 "," € 38.000.000,00"
12. Apr 2010,Delisted (Notierungsaufnahme),Kampac International PLC, -kein-,None,None," € 2,50 "," € 2.500.000.000,00"
12. Apr 2010,Delisted (Notierungsaufnahme),Resos Pharma PLC, -kein-,None,None," € 1,49 "," € 3.360.248,00"
12. Apr 2010,Delisted (Notierungsaufnahme),Blackwood Global Resources PLC, -kein-,None,None," € 1,49 "," € 3.360.248,00"
09. Apr 2010,Delisted (Notierungsaufnahme),Greenvironment PLC, -kein-,None,None," € 0,60 "," € 4.377.300,00"
08. Apr 2010,Delisted (Notierungsaufnahme),High Win PLC Inc., -kein-,None,None," € 0,20 "," € 2.000.000,00"
07. Apr 2010,Delisted (Notierungsaufnahme),Telecorp Inc., -kein-,None,None," € 0,75 "," € 15.000.000,00"
06. Apr 2010,Delisted (Notierungsaufnahme),West African Gold Resources Mining Inc., -kein-,None,None," € 4,50 "," € 23.625.000,00"
26. Mär 2010,Delisted (Notierungsaufnahme),Dub Oil PLC, -kein-,None,None," € 2,50 "," € 12.500.000,00"
23. Mär 2010,Delisted (Notierungsaufnahme),PARKERMEDIA AG, -kein-,None,None," € 1,05 "," € 8.739.460,80"
18. Mär 2010,Delisted (Notierungsaufnahme),Rebootizer Group PLC, -kein-,None,None," € 0,94 "," € 141.000.001,00"
12. Mär 2010,Delisted (Notierungsaufnahme),Idea Fabrik PLC, -kein-,None,None," € 2,60 "," € 104.000.000,00"
12. Mär 2010,Delisted (Notierungsaufnahme),Greenwave Bio Ltd., -kein-,None,None," € 2,00 "," € 41.000.000,00"
11. Mär 2010,Delisted (Notierungsaufnahme),Gaiacor International PLC, -kein-,None,None," € 1,20 "," € 19.703.286,00"
09. Mär 2010,Delisted (Notierungsaufnahme),Alta Aerial PLC, -kein-,None,None," € 3,10 "," € 62.000.000,00"
08. Mär 2010,Delisted (Notierungsaufnahme),Bolser PLC, -kein-,None,None," € 1,00 "," € 1.033.000,00"
25. Feb 2010,Delisted (Notierungsaufnahme),Hitech Stages Ltd., -kein-,None,None," € 1,80 "," € 8.910.000,00"
29. Jan 2010,Delisted (Notierungsaufnahme),True Green Led PLC, -kein-,None,None," € 2,51 "," € 50.200.000,00"
21. Jan 2010,Delisted (Notierungsaufnahme),Global EcoPower S.A., -kein-,None,None," € 2,90 "," € 44.972.962,20"
06. Jan 2010,Delisted (Notierungsaufnahme),Rich AG, -kein-,None,None," € 1,11 "," € 56.277.000,00"
23. Dez 2009,Delisted (Notierungsaufnahme),Noninvasive Medical Technologies Ltd., -kein-,None,None," € 3,50 "," € 62.185.295,00"
22. Dez 2009,Delisted (Notierungsaufnahme),Lotus Resources PLC, -kein-,None,None," € 0,60 "," € 38.547.060,00"
04. Dez 2009,Delisted (Notierungsaufnahme),Dineout SA Ltd., -kein-,None,None," € 1,90 "," € 7.600.000,00"
02. Dez 2009,Delisted (Notierungsaufnahme),Worldlink Group PLC, -kein-,None,None," € 0,04 "," € 35.000.000,00"
01. Dez 2009,Delisted (Notierungsaufnahme),Anglo African Minerals PLC, -kein-,None,None," € 1,90 "," € 48.674.224,00"
27. Nov 2009,Delisted (Notierungsaufnahme),Primex Oil Production Inc., -kein-,None,None," € 2,05 "," € 307.602.500,00"
27. Nov 2009,Delisted (Notierungsaufnahme),Hail First Pharma Inc., -kein-,None,None," € 2,05 "," € 308.545.500,00"
24. Nov 2009,Delisted (Notierungsaufnahme),MI Media Holdings Ltd., -kein-,None,None," € 1,40 "," € 32.200.000,00"
09. Nov 2009,Delisted (Notierungsaufnahme),Curcas Oil N.V., -kein-,None,None," € 0,08 "," € 8.400.000,00"
09. Nov 2009,Delisted (Notierungsaufnahme),Initation Enterprises Company Ltd., -kein-,None,None," € 0,20 "," € 600.000,00"
09. Nov 2009,Delisted (Notierungsaufnahme),Blue Planet Environmental Inc., -kein-,None,None," € 1,40 "," € 51.103.972,00"
13. Okt 2009,Delisted (Notierungsaufnahme),Emission & Power Solutions Plc, -kein-,None,None," € 1,00 "," € 20.000.000,00"
07. Okt 2009,Delisted (Notierungsaufnahme),OMtv Communications Inc., -kein-,None,None," € 1,00 "," € 461.000,00"
07. Sep 2009,Delisted (Notierungsaufnahme),Philand Ranch Ltd., -kein-,None,None," € 3,75 "," € 93.224.250,00"
18. Aug 2009,Delisted (Notierungsaufnahme),Hollywood Classics Network Inc., -kein-,None,None," € 0,50 "," € 1.391.550,00"
12. Aug 2009,Delisted (Notierungsaufnahme),Focused Money Solutions S.A., -kein-,None,None," € 2,00 "," € 23.150.000,00"
31. Jul 2009,Delisted (Notierungsaufnahme),Wi-Sky Inflight Inc., -kein-,None,None," € 7,50 "," € 75.000.000,00"
18. Jun 2009,Delisted (Notierungsaufnahme),Noninvasive Medical Technologies Inc., -kein-,None,None," € 3,65 "," € 39.168.150,00"
29. Mai 2009,Delisted (Notierungsaufnahme),MedX Ltd., -kein-,None,None," € 1,60 "," € 32.000.000,00"
29. Mai 2009,Delisted (Notierungsaufnahme),United States Oil & Gas Corp., -kein-,None,None," € 1,00 "," € 39.782.000,00"
08. Mai 2009,Delisted (Notierungsaufnahme),enexoma AG, -kein-,None,None," € 200,00 "," € 52.000.000,00"
25. Mär 2009,Delisted (Notierungsaufnahme),Fonds Direkt Portfolio Management AG, -kein-,None,None," € 24,00 "," € 2.400.000,00"
11. Mär 2009,Delisted (Notierungsaufnahme),ENRO Energie SE, -kein-,None,None," € 1,50 "," € 13.695.000,00"
09. Mär 2009,Delisted (Notierungsaufnahme),Deep Space Media Group AG, -kein-,None,None," € 1,40 "," € 35.000.000,00"
04. Mär 2009,Delisted (Notierungsaufnahme),Vitascanning AG, -kein-,None,None," € 7,80 "," € 15.600.000,00"
24. Feb 2009,Delisted (Notierungsaufnahme),Nexis Holdings PLC, -kein-,None,None," € 0,22 "," € 345.834.398,00"
23. Feb 2009,Delisted (Notierungsaufnahme),Global Investment & Exploration AG, -kein-,None,None," € 0,10 "," € 5.000.000,00"
16. Feb 2009,Delisted (Notierungsaufnahme),Hilbroy Advisory Inc., -kein-,None,None," € 0,60 "," € 270.000.000,00"
16. Feb 2009,Delisted (Notierungsaufnahme),Regio Capital AG, -kein-,None,None," € 3,00 "," € 900.000,00"
16. Feb 2009,Delisted (Notierungsaufnahme),Knado Inc., -kein-,None,None," € 0,01 "," € 1.000.000,00"
13. Feb 2009,Delisted (Notierungsaufnahme),FilmOn.com PLC, -kein-,None,None," € 0,30 "," € 315.000.300,00"
10. Feb 2009,Delisted (Notierungsaufnahme),vPE WertpapierhandelsBank AG, Finanzdienstleistung,None,None," € 10,00 "," € 7.300.000,00"
10. Feb 2009,Delisted (Notierungsaufnahme),icon fashion holding AG, -kein-,None,None," € 4,00 "," € 20.000.000,00"
05. Feb 2009,Delisted (Notierungsaufnahme),El Alto Holdings AG, -kein-,None,None," € 3,50 "," € 140.000.000,00"
27. Jan 2009,Delisted (Notierungsaufnahme),Genesis Invest AG, -kein-,None,None," € 2,00 "," € 40.000.000,00"
23. Jan 2009,Delisted (Notierungsaufnahme),Leon Mining AG, -kein-,None,None," € 2,00 "," € 20.000.000,00"
21. Jan 2009,Delisted (Notierungsaufnahme),Logana Holding AG, -kein-,None,None," € 4,80 "," € 19.200.000,00"
19. Jan 2009,Delisted (Notierungsaufnahme),Meditor Pharmaceuticals [North American] Ltd., -kein-,None,None," € 0,65 "," € 444.015,00"
16. Jan 2009,Delisted (Notierungsaufnahme),Capital Hill Plc, -kein-,None,None," € 1,75 "," € 87.500.000,00"
14. Jan 2009,Delisted (Notierungsaufnahme),CFQ Holding AG, -kein-,None,None," € 1,15 "," € 69.000.000,00"
30. Dez 2008,Delisted (Notierungsaufnahme),Ecotrade Invest AG, -kein-,None,None," € 1,00 "," € 50.000.000,00"
29. Dez 2008,Delisted (Notierungsaufnahme),Machinery & Industrial Group N.V., -kein-,None,None," € 20,00 "," € 100.000.000,00"
22. Dez 2008,Delisted (Notierungsaufnahme),Helvetia Asset Management AG, -kein-,None,None," € 1,05 "," € 42.000.000,00"
22. Dez 2008,Delisted (Notierungsaufnahme),Arqueonautas Worldwide - Arqueologia Subaquatica S.A., -kein-,None,None," € 2,60 "," € 13.000.000,00"
18. Dez 2008,Delisted (Notierungsaufnahme),Skidproof International Ltd., -kein-,None,None," € 0,28 "," € 12.413.649,00"
17. Dez 2008,Delisted (Notierungsaufnahme),Concorde Group Inc., -kein-,None,None," € 8,40 "," € 135.025.027,00"
11. Dez 2008,Delisted (Notierungsaufnahme),Hulbee AG, -kein-,None,None," € 3,08 "," € 246.400.000,00"
05. Dez 2008,Delisted (Notierungsaufnahme),PLIM Cooperation AG, -kein-,None,None," € 8,00 "," € 56.000.000,00"
03. Dez 2008,Delisted (Notierungsaufnahme),LensWista AG, -kein-,None,None," € 4,00 "," € 4.000.000,00"
03. Dez 2008,Delisted (Notierungsaufnahme),Five by Five Media AG, -kein-,None,None," € 0,55 "," € 5.500.000,00"
01. Dez 2008,Delisted (Notierungsaufnahme),autowerkstatt group N.V., -kein-,None,None," € 0,02 "," € 2.200.000,00"
07. Nov 2008,Delisted (Notierungsaufnahme),Homestore Group PLC, -kein-,None,None," € 0,28 "," € 11.200.056,00"
03. Nov 2008,Delisted (Notierungsaufnahme),Viridis Technologies AG, -kein-,None,None," € 1,50 "," € 71.250.000,00"
27. Okt 2008,Delisted (Notierungsaufnahme),Letsbuyit Group AG, -kein-,None,None," € 3,00 "," € 2.400.000,00"
27. Okt 2008,Delisted (Notierungsaufnahme),Claimpicker AG, -kein-,None,None," € 0,25 "," € 10.000.000,00"
23. Okt 2008,Delisted (Notierungsaufnahme),HC Berlin Pharma AG, -kein-,None,None," € 2,00 "," € 22.282.000,00"
21. Okt 2008,Delisted (Notierungsaufnahme),Innosis Ecological AG, -kein-,None,None," € 3,00 "," € 1.650.000,00"
09. Okt 2008,Delisted (Notierungsaufnahme),Van Verde AG, -kein-,None,None," € 4,00 "," € 40.000.000,00"
01. Okt 2008,Delisted (Notierungsaufnahme),SPIRIT ON MEDIA GROUP PLC, -kein-,None,None," € 0,25 "," € 5.000.000,00"
01. Okt 2008,Delisted (Notierungsaufnahme),Inveca AG, -kein-,None,None," € 0,05 "," € 500.000,00"
30. Sep 2008,Delisted (Notierungsaufnahme),Next Alternative Inc., -kein-,None,None," € 3,00 "," € 218.570.154,00"
30. Sep 2008,Delisted (Notierungsaufnahme),A25 Gold Producers Corp., -kein-,None,None," € 4,50 "," € 135.000.000,00"
30. Sep 2008,Delisted (Notierungsaufnahme),HOLIDAYMAXX AG, -kein-,None,None," € 1,00 "," € 10.000.000,00"
30. Sep 2008,Delisted (Notierungsaufnahme),ESAG Energy Solar AG, -kein-,None,None," € 3,50 "," € 38.500.000,00"
30. Sep 2008,Delisted (Notierungsaufnahme),mergedmedia AG, -kein-,None,None," € 12,00 "," € 1.500.000,00"
30. Sep 2008,Delisted (Notierungsaufnahme),SOLARIS INDUSTRIE AG, -kein-,None,None," € 2,00 "," € 20.000.000,00"
30. Sep 2008,Delisted (Notierungsaufnahme),Cleanaqua AG, -kein-,None,None," € 0,30 "," € 3.000.000,00"
29. Sep 2008,Delisted (Notierungsaufnahme),Shanghai Fairtrade AG, -kein-,None,None," € 1,00 "," € 10.000.000,00"
29. Sep 2008,Delisted (Notierungsaufnahme),Can Can Lingerie Holding AG, -kein-,None,None," € 1,20 "," € 78.000.000,00"
29. Sep 2008,Delisted (Notierungsaufnahme),DigiTar AG, -kein-,None,None," € 2,00 "," € 44.000.000,00"
29. Sep 2008,Delisted (Notierungsaufnahme),Pet-Core International Inc., -kein-,None,None," € 0,55 "," € 55.000.000,00"
26. Sep 2008,Delisted (Notierungsaufnahme),Areus International AG, -kein-,None,None," € 3,00 "," € 750.000,00"
26. Sep 2008,Delisted (Notierungsaufnahme),MIOOMY AG, -kein-,None,None," € 0,90 "," € 18.000.000,00"
26. Sep 2008,Delisted (Notierungsaufnahme),BrainCloud AG, -kein-,None,None," € 2,50 "," € 875.000,00"
26. Sep 2008,Delisted (Notierungsaufnahme),Global power efficiency AG, -kein-,None,None," € 3,00 "," € 30.000.000,00"
25. Sep 2008,Delisted (Notierungsaufnahme),Solatera Energy Holding AG, -kein-,None,None," € 2,48 "," € 24.800.000,00"
25. Sep 2008,Delisted (Notierungsaufnahme),fanpastico restaurants AG, -kein-,None,None," € 0,10 "," € 2.000.000,00"
25. Sep 2008,Delisted (Notierungsaufnahme),Petro Novus AG, -kein-,None,None," € 0,50 "," € 5.000.000,00"
25. Sep 2008,Delisted (Notierungsaufnahme),StarDSL AG, -kein-,None,None," € 1,00 "," € 400.000,00"
25. Sep 2008,Delisted (Notierungsaufnahme),MTM-Holding AG, -kein-,None,None," € 1,00 "," € 35.400.000,00"
24. Sep 2008,Delisted (Notierungsaufnahme),S+O Mineral Industries AG, -kein-,None,None," € 1,50 "," € 75.000,00"
24. Sep 2008,Delisted (Notierungsaufnahme),London Hong Kong Exchange PLC, -kein-,None,None," € 0,40 "," € 40.000.000,00"
24. Sep 2008,Delisted (Notierungsaufnahme),West Africa Mining Holding AG, -kein-,None,None," € 0,13 "," € 1.300.000,00"
24. Sep 2008,Delisted (Notierungsaufnahme),Gravity Holding AG, -kein-,None,None," € 0,10 "," € 2.000.000,00"
22. Sep 2008,Delisted (Notierungsaufnahme),Pharma Kontor AG, -kein-,None,None," € 0,25 "," € 3.750.000,00"
22. Sep 2008,Delisted (Notierungsaufnahme),Trans Atlantic Metals AG, -kein-,None,None," € 0,38 "," € 7.220.000,00"
17. Sep 2008,Delisted (Notierungsaufnahme),SixStar Films AG, -kein-,None,None," € 0,95 "," € 9.500.000,00"
17. Sep 2008,Delisted (Notierungsaufnahme),JR Kliniken Holding AG, -kein-,None,None," € 1,30 "," € 13.000.000,00"
15. Sep 2008,Delisted (Notierungsaufnahme),Zürich Capital Markets AG, -kein-,None,None," € 0,50 "," € 29.207.253,50"
15. Sep 2008,Delisted (Notierungsaufnahme),EPG [Engineered nanoProducts Germany] AG, Industrie,None,None," € 100,00 "," € 27.184.000,00"
10. Sep 2008,Delisted (Notierungsaufnahme),Fibema AG, -kein-,None,None," € 1,20 "," € 12.000.000,00"
10. Sep 2008,Delisted (Notierungsaufnahme),First Trend-Management AG, -kein-,None,None," € 1,00 "," € 10.000.000,00"
04. Sep 2008,Delisted (Notierungsaufnahme),Glasauer Swiss KGaA, -kein-,None,None," € 4,25 "," € 3.442.500,00"
29. Aug 2008,Delisted (Notierungsaufnahme),Smart Grids AG, -kein-,None,None," € 1,00 "," € 400.000,00"
25. Aug 2008,Delisted (Notierungsaufnahme),AuraGenix N.V., -kein-,None,None," € 3,00 "," € 37.500.000,00"
25. Aug 2008,Delisted (Notierungsaufnahme),QueueMed International N.V., -kein-,None,None," € 2,50 "," € 11.250.000,00"
25. Aug 2008,Delisted (Notierungsaufnahme),Equity Capital Management PLC, -kein-,None,None," € 0,35 "," € 525.000,00"
21. Aug 2008,Delisted (Notierungsaufnahme),FluidForm Corp., -kein-,None,None," € 0,70 "," € 70.000.000,00"
21. Aug 2008,Delisted (Notierungsaufnahme),ECO Recovery Corp., -kein-,None,None," € 0,55 "," € 55.000.000,00"
20. Aug 2008,Delisted (Notierungsaufnahme),Aragon Energy AG, -kein-,None,None," € 0,80 "," € 16.000.000,00"
19. Aug 2008,Delisted (Notierungsaufnahme),Synthion AG, -kein-,None,None," € 3,75 "," € 56.250.000,00"
19. Aug 2008,Delisted (Notierungsaufnahme),Sino European Biotechnology AG, -kein-,None,None," € 1,00 "," € 10.000.000,00"
13. Aug 2008,Delisted (Notierungsaufnahme),SolTerra Capital Corp., -kein-,None,None," € 0,70 "," € 70.000.000,00"
13. Aug 2008,Delisted (Notierungsaufnahme),Paymotech SA, -kein-,None,None," € 1,75 "," € 59.500.000,00"
12. Aug 2008,Delisted (Notierungsaufnahme),Helvetic Star AG, -kein-,None,None," € 3,11 "," € 808.600,00"
11. Aug 2008,Delisted (Notierungsaufnahme),Advanced Equity Financing AG, -kein-,None,None," € 66,00 "," € 137.360.000,00"
08. Aug 2008,Delisted (Notierungsaufnahme),FCBBI AG, -kein-,None,None," € 1,00 "," € 10.000.000,00"
05. Aug 2008,Delisted (Notierungsaufnahme),Sintal Agriculture PLC, -kein-,None,None," € 4,70 "," € 154.824.110,00"
30. Jul 2008,Delisted (Notierungsaufnahme),Digital Media Group AG, -kein-,None,None," € 0,75 "," € 22.500.000,00"
30. Jul 2008,Delisted (Notierungsaufnahme),ActionLife Resorts Ltd., -kein-,None,None," € 0,85 "," € 21.760.000,00"
29. Jul 2008,Delisted (Notierungsaufnahme),Barclay Technologies Holding AG, -kein-,None,None," € 1,00 "," € 10.000.000,00"
25. Jul 2008,Delisted (Notierungsaufnahme),the brandgeneration AG, -kein-,None,None," € 1,05 "," € 52.500.000,00"
22. Jul 2008,Delisted (Notierungsaufnahme),AKAN Capital Partners PLC, -kein-,None,None," € 1,10 "," € 88.364.685,20"
18. Jul 2008,Delisted (Notierungsaufnahme),FNT Forever New Technologies Inc., -kein-,None,None," € 2,90 "," € 14.790.000,00"
15. Jul 2008,Delisted (Notierungsaufnahme),LoanCheck S.A., -kein-,None,None," € 1,05 "," € 52.500.000,00"
14. Jul 2008,Delisted (Notierungsaufnahme),Korsair Holdings AG, -kein-,None,None," € 0,36 "," € 3.600.000,00"
02. Jul 2008,Delisted (Notierungsaufnahme),GBS Asset Management AG, -kein-,None,None," € 1,40 "," € 966.000,00"
01. Jul 2008,Delisted (Notierungsaufnahme),DGH Deutsche Grundwert Holding AG, -kein-,None,None," € 1,00 "," € 400.000,00"
01. Jul 2008,Delisted (Notierungsaufnahme),Mriya Agro Holding Public Limited, Nahrungsmittel,None,None," € 14,15 "," € 14.433.000,00"
26. Jun 2008,Delisted (Notierungsaufnahme),Afrika Gold AG, -kein-,None,None," € 2,02 "," € 20.200.000,00"
24. Jun 2008,Delisted (Notierungsaufnahme),Sass Group AG, -kein-,None,None," € 0,38 "," € 3.800.000,00"
20. Jun 2008,Delisted (Notierungsaufnahme),Transglobal Energy Resources AG, -kein-,None,None," € 0,80 "," € 24.000.000,00"
20. Jun 2008,Delisted (Notierungsaufnahme),MAXX-TV.AG, -kein-,None,None," € 0,12 "," € 12.000.000,00"
20. Jun 2008,Delisted (Notierungsaufnahme),MAC Capital AG, -kein-,None,None," € 2,00 "," € 50.000.000,00"
20. Jun 2008,Delisted (Notierungsaufnahme),Matador Partners Group AG, -kein-,None,None," € 1,28 "," € 1.280.000,00"
19. Jun 2008,Delisted (Notierungsaufnahme),nanoCrypt AG, -kein-,None,None," € 8,50 "," € 935.000,00"
18. Jun 2008,Delisted (Notierungsaufnahme),BioSource Solutions Inc., -kein-,None,None," € 0,20 "," € 16.002.000,00"
18. Jun 2008,Delisted (Notierungsaufnahme),RCT Global Networks Inc., -kein-,None,None," € 1,00 "," € 6.195.000,00"
17. Jun 2008,Delisted (Notierungsaufnahme),Moku Goldmines AG, -kein-,None,None," € 1,50 "," € 30.000.000,00"
17. Jun 2008,Delisted (Notierungsaufnahme),Bausparkasse Mainz AG, -kein-,None,None," € 80,00 "," € 28.800.000,00"
13. Jun 2008,Delisted (Notierungsaufnahme),Select Bank PLC, -kein-,None,None," € 0,15 "," € 2.250.000,00"
13. Jun 2008,Delisted (Notierungsaufnahme),Lofli Jeans Limited, -kein-,None,None," € 1,36 "," € 23.120.000,00"
13. Jun 2008,Delisted (Notierungsaufnahme),Renato Corp., -kein-,None,None," € 3,05 "," € 30.657.944,25"
12. Jun 2008,Delisted (Notierungsaufnahme),solarhybrid AG, -kein-,None,None," € 3,48 "," € 8.073.600,00"
12. Jun 2008,Delisted (Notierungsaufnahme),Sukahan Bio Tech. Plc, -kein-,None,None,None,None
10. Jun 2008,Delisted (Notierungsaufnahme),Sonne + Wind Beteiligungen AG, Finanzdienstleistung,None,None," € 1,90 "," € 15.540.274,80"
09. Jun 2008,Delisted (Notierungsaufnahme),Celtic Property Developments S.A., -kein-,None,None," € 55,30 "," € 385.256.629,80"
09. Jun 2008,Delisted (Notierungsaufnahme),Klima Investment GmbH & Co. KGaA, -kein-,None,None," € 2,00 "," € 3.200.000,00"
05. Jun 2008,Delisted (Notierungsaufnahme),Ecoshi AG, -kein-,None,None," € 1,10 "," € 22.000.000,00"
30. Mai 2008,Delisted (Notierungsaufnahme),World Markets AG, Finanzdienstleistung,None,None," € 0,25 "," € 2.500.000,00"
28. Mai 2008,Delisted (Notierungsaufnahme),BarEx Media Corp., Software,None,None," € 1,20 "," € 36.815.197,00"
23. Mai 2008,Delisted (Notierungsaufnahme),Look Models International Inc., -kein-,None,None," € 0,50 "," € 30.000.000,00"
23. Mai 2008,Delisted (Notierungsaufnahme),ALISMA Real Estate Group AG, -kein-,None,None," € 2,00 "," € 20.000.000,00"
22. Mai 2008,Delisted (Notierungsaufnahme),Moto Auto Group AG, -kein-,None,None," € 1,03 "," € 30.900.000,00"
22. Mai 2008,Delisted (Notierungsaufnahme),TrioBiotics Pharma AG, -kein-,None,None," € 1,75 "," € 70.000.000,00"
22. Mai 2008,Delisted (Notierungsaufnahme),World Marine Services AG, -kein-,None,None," € 0,55 "," € 12.925.000,00"
21. Mai 2008,Delisted (Notierungsaufnahme),Advantest PLC, -kein-,None,None," € 5,31 "," € 14.421.333,42"
21. Mai 2008,Delisted (Notierungsaufnahme),CNS Pharmaceutical Holding AG, -kein-,None,None," € 0,55 "," € 11.000.000,00"
20. Mai 2008,Delisted (Notierungsaufnahme),wellyou AG, -kein-,None,None," € 1,05 "," € 420.000,00"
20. Mai 2008,Delisted (Notierungsaufnahme),"Dixon, Perot & Champion Inc.", -kein-,None,None," € 3,50 "," € 14.894.926,00"
15. Mai 2008,Delisted (Notierungsaufnahme),M1 Lux AG, -kein-,None,None," € 1,60 "," € 32.000.000,00"
09. Mai 2008,Delisted (Notierungsaufnahme),Queen 1 Inc., -kein-,None,None,None,None
08. Mai 2008,Delisted (Notierungsaufnahme),Companies West Group Inc., -kein-,None,None," € 2,85 "," € 38.920.364,00"
07. Mai 2008,Delisted (Notierungsaufnahme),Playhouse Group N.V., -kein-,None,None," € 0,24 "," € 2.976.000,00"
07. Mai 2008,Delisted (Notierungsaufnahme),GB Mining Holding AG, -kein-,None,None," € 5,50 "," € 82.500.000,00"
06. Mai 2008,Delisted (Notierungsaufnahme),Northwest Oil & Gas Trading Co. Inc., -kein-,None,None," € 2,80 "," € 28.000.000,00"
06. Mai 2008,Delisted (Notierungsaufnahme),Shigo Asia AG, Konsumgüter,None,None," € 4,15 "," € 12.450.000,00"
05. Mai 2008,Delisted (Notierungsaufnahme),Next Generation Entertainment N.V., -kein-,None,None," € 0,13 "," € 1.300.000,00"
02. Mai 2008,Delisted (Notierungsaufnahme),Smart Equity AG, -kein-,None,None," € 4,50 "," € 1.125.000,00"
30. Apr 2008,Delisted (Notierungsaufnahme),CleanAirTek Holdings Inc., -kein-,None,None," € 0,50 "," € 25.000.000,00"
29. Apr 2008,Delisted (Notierungsaufnahme),Fair Litigation AG, -kein-,None,None," € 0,10 "," € 1.000.000,00"
29. Apr 2008,Delisted (Notierungsaufnahme),GFKL Financial Services AG, -kein-,None,None," € 17,00 "," € 299.774.430,00"
28. Apr 2008,Delisted (Notierungsaufnahme),Emerging Products Development Group Inc., -kein-,None,None," € 0,75 "," € 75.000.000,00"
25. Apr 2008,Delisted (Notierungsaufnahme),Concilium AG, -kein-,None,None," € 4,50 "," € 900.000,00"
24. Apr 2008,Delisted (Notierungsaufnahme),Beat the Bookie PLC, -kein-,None,None," € 0,35 "," € 2.591.515,00"
24. Apr 2008,Delisted (Notierungsaufnahme),Netwatch AG, -kein-,None,None," € 2,08 "," € 832.000,00"
21. Apr 2008,Delisted (Notierungsaufnahme),Ecotrend Holding AG, -kein-,None,None," € 2,00 "," € 20.000.000,00"
17. Apr 2008,Delisted (Notierungsaufnahme),ES ENERGIE SYSTEME AG, -kein-,None,None," € 1,10 "," € 440.000,00"
14. Apr 2008,Delisted (Notierungsaufnahme),Essential Invest GmbH & Co. KGaA, -kein-,None,None," € 0,10 "," € 462.511,00"
10. Apr 2008,Delisted (Notierungsaufnahme),Digital Pionieers N.V., -kein-,None,None," € 0,23 "," € 3.786.950,00"
07. Apr 2008,Delisted (Notierungsaufnahme),Kaleidoscope Venture Capital Inc., -kein-,None,None," € 0,02 "," € 4.230.514,00"
07. Apr 2008,Delisted (Notierungsaufnahme),TBS New Media PLC, -kein-,None,None," € 4,00 "," € 76.644.000,00"
04. Apr 2008,Delisted (Notierungsaufnahme),Kig Mining PLC, -kein-,None,None," € 2,45 "," € 122.500.000,00"
04. Apr 2008,Delisted (Notierungsaufnahme),Advides AG, -kein-,None,None," € 9,00 "," € 3.071.790,00"
03. Apr 2008,Delisted (Notierungsaufnahme),Interlotto International Holding Inc., -kein-,None,None,None,None
01. Apr 2008,Delisted (Notierungsaufnahme),AccessMed Inc., -kein-,None,None,None,None
31. Mär 2008,Delisted (Notierungsaufnahme),CUBUS LUX plc, Konsumgüter,None,None," € 0,21 "," € 63.378.000,00"
31. Mär 2008,Delisted (Notierungsaufnahme),Monte Cristo Resources Ltd., -kein-,None,None," € 0,65 "," € 7.393.230,00"
28. Mär 2008,Delisted (Notierungsaufnahme),L'Eau du Ciel SA, -kein-,None,None," € 1,10 "," € 59.400.000,00"
28. Mär 2008,Delisted (Notierungsaufnahme),iXOS Software AG, -kein-,None,None," € 12,51 "," € 272.425.892,00"
27. Mär 2008,Delisted (Notierungsaufnahme),Hunter Thompson Chemical Inc., -kein-,None,None," € 10,00 "," € 611.580.000,00"
26. Mär 2008,Delisted (Notierungsaufnahme),European Space Innovation AG, -kein-,None,None," € 4,00 "," € 800.000,00"
26. Mär 2008,Delisted (Notierungsaufnahme),Nitestar Holding N.V., -kein-,None,None," € 0,09 "," € 2.700.000,00"
18. Mär 2008,Delisted (Notierungsaufnahme),AVW Immobilien AG, Finanzdienstleistung,None,None," € 4,00 "," € 51.306.668,00"
17. Mär 2008,Delisted (Notierungsaufnahme),Minerals Mining Corp., -kein-,None,None," € 0,10 "," € 11.250.788,00"
14. Mär 2008,Delisted (Notierungsaufnahme),conpro Consulting AG, -kein-,None,None," € 0,87 "," € 26.100.000,00"
12. Mär 2008,Delisted (Notierungsaufnahme),MCB Agricole Holding AG, -kein-,None,None," € 9,45 "," € 19.845.000,00"
12. Mär 2008,Delisted (Notierungsaufnahme),NuBeCK Holding AG, -kein-,None,None," € 0,06 "," € 6.000.000,00"
27. Feb 2008,Delisted (Notierungsaufnahme),NUCENTCOM PLC, -kein-,None,None," € 1,00 "," € 20.000.000,00"
27. Feb 2008,Delisted (Notierungsaufnahme),3A Real Estate AG, -kein-,None,None," € 4,00 "," € 800.000,00"
27. Feb 2008,Delisted (Notierungsaufnahme),Pan Minerals Oil & Gas AG, -kein-,None,None," € 1,75 "," € 79.541.438,00"
26. Feb 2008,Delisted (Notierungsaufnahme),Millennia Resources AG, -kein-,None,None," € 0,35 "," € 26.250.000,00"
20. Feb 2008,Delisted (Notierungsaufnahme),IBMC China AG, -kein-,None,None," € 0,35 "," € 24.500.000,00"
18. Feb 2008,Delisted (Notierungsaufnahme),Europe Vision PLC, -kein-,None,None," € 0,48 "," € 66.762.238,56"
14. Feb 2008,Delisted (Notierungsaufnahme),Southern Cross Resources Group Inc., -kein-,None,None," € 4,00 "," € 289.548.912,00"
11. Feb 2008,Delisted (Notierungsaufnahme),Worldwide Energies Inc., -kein-,None,None," € 2,20 "," € 44.000.000,00"
11. Feb 2008,Delisted (Notierungsaufnahme),CosmoSeis PLC, -kein-,None,None," € 1,05 "," € 15.750.000,00"
08. Feb 2008,Delisted (Notierungsaufnahme),MykoGreen Biotechnology AG, -kein-,None,None," € 1,00 "," € 15.000.000,00"
08. Feb 2008,Delisted (Notierungsaufnahme),borawind AG, -kein-,None,None," € 0,60 "," € 12.300.000,00"
06. Feb 2008,Delisted (Notierungsaufnahme),AuRatio AG, -kein-,None,None," € 3,25 "," € 32.500.000,00"
04. Feb 2008,Delisted (Notierungsaufnahme),O24 Pharma PLC, -kein-,None,None," € 1,00 "," € 20.004.000,00"
01. Feb 2008,Delisted (Notierungsaufnahme),Nova Nutria AG, -kein-,None,None," € 1,25 "," € 25.000.000,00"
30. Jan 2008,Delisted (Notierungsaufnahme),Aerfinance PLC, -kein-,None,None," € 0,53 "," € 41.870.000,00"
25. Jan 2008,Delisted (Notierungsaufnahme),Tunc Holding AG, -kein-,None,None," € 0,30 "," € 105.000.000,00"
25. Jan 2008,Delisted (Notierungsaufnahme),GSC Portfolio AG, -kein-,None,None," € 8,75 "," € 1.750.000,00"
23. Jan 2008,Delisted (Notierungsaufnahme),United Commodity AG, -kein-,None,None," € 0,51 "," € 25.500.000,00"
23. Jan 2008,Delisted (Notierungsaufnahme),Indenture Investments Ltd., -kein-,None,None," € 0,10 "," € 7.960.000,00"
21. Jan 2008,Delisted (Notierungsaufnahme),Triparcus AG, -kein-,None,None," € 0,30 "," € 15.000.000,00"
15. Jan 2008,Delisted (Notierungsaufnahme),Davento PLC, -kein-,None,None," € 3,00 "," € 270.000.000,00"
10. Jan 2008,Delisted (Notierungsaufnahme),International Precious Minerals PLC, -kein-,None,None," € 1,00 "," € 10.386.500,00"
10. Jan 2008,Delisted (Notierungsaufnahme),Corporate Bourse PLC, -kein-,None,None," € 3,00 "," € 45.000.000,00"
09. Jan 2008,Delisted (Notierungsaufnahme),VITUS-Park AG, -kein-,None,None," € 1,60 "," € 16.000.000,00"
09. Jan 2008,Delisted (Notierungsaufnahme),EcoInvest Holding N.V., -kein-,None,None," € 0,11 "," € 2.200.000,00"
07. Jan 2008,Delisted (Notierungsaufnahme),Fonterelli GmbH & Co. KGaA, -kein-,None,None," € 1,42 "," € 2.037.700,00"
27. Dez 2007,Delisted (Notierungsaufnahme),Filmconfect AG, -kein-,None,None," € 0,24 "," € 27.600.000,00"
21. Dez 2007,Delisted (Notierungsaufnahme),INJEX Pharma AG, -kein-,None,None," € 75,00 "," € 97.200.000,00"
21. Dez 2007,Delisted (Notierungsaufnahme),RERI AG, -kein-,None,None," € 8,10 "," € 2.430.000,00"
21. Dez 2007,Delisted (Notierungsaufnahme),Janosch film & medien AG, -kein-,None,None," € 1,20 "," € 3.518.179,20"
21. Dez 2007,Delisted (Notierungsaufnahme),Bluehill ID AG, -kein-,None,None," € 0,60 "," € 1.500.000,00"
21. Dez 2007,Delisted (Notierungsaufnahme),Cleantech Invest AG, -kein-,None,None," € 0,60 "," € 60.000,00"
20. Dez 2007,Delisted (Notierungsaufnahme),Monobank PLC, -kein-,None,None," € 4,90 "," € 490.000.000,00"
20. Dez 2007,Delisted (Notierungsaufnahme),Splitfish AG, -kein-,None,None," € 1,00 "," € 30.000.000,00"
20. Dez 2007,Delisted (Notierungsaufnahme),Seabed Invest AG, -kein-,None,None," € 3,50 "," € 70.000.000,00"
19. Dez 2007,Delisted (Notierungsaufnahme),Axiogenesis AG, -kein-,None,None," € 185,00 "," € 22.205.550,00"
19. Dez 2007,Delisted (Notierungsaufnahme),Cadenbach Holding AG, -kein-,None,None," € 1,25 "," € 12.500.000,00"
18. Dez 2007,Delisted (Notierungsaufnahme),Mallorca Building AG, -kein-,None,None," € 1,05 "," € 10.500.000,00"
17. Dez 2007,Delisted (Notierungsaufnahme),innovation.punks AG, -kein-,None,None," € 1,60 "," € 2.400.000,00"
14. Dez 2007,Delisted (Notierungsaufnahme),ChriLu Bären AG, -kein-,None,None," € 1,12 "," € 11.200.000,00"
13. Dez 2007,Delisted (Notierungsaufnahme),Kremney Public Co. Ltd., -kein-,None,None," € 12,80 "," € 160.000.000,00"
10. Dez 2007,Delisted (Notierungsaufnahme),CB Retail Investment Public Ltd., -kein-,None,None," € 7,25 "," € 8.156.250,00"
07. Dez 2007,Delisted (Notierungsaufnahme),Forexone Group AG, -kein-,None,None," € 0,77 "," € 50.050.000,00"
07. Dez 2007,Delisted (Notierungsaufnahme),Mobile Freshness Holding AG, -kein-,None,None," € 1,50 "," € 15.000.000,00"
06. Dez 2007,Delisted (Notierungsaufnahme),BAR.bra Mining Group AG, -kein-,None,None," € 0,46 "," € 69.000.000,00"
05. Dez 2007,Delisted (Notierungsaufnahme),Uranium308 Resources, -kein-,None,None," € 4,90 "," € 73.500.000,00"
04. Dez 2007,Delisted (Notierungsaufnahme),PurVia AG, Industrie,None,None," € 7,70 "," € 37.922.500,00"
03. Dez 2007,Delisted (Notierungsaufnahme),Jo Gold Mining Corp., -kein-,None,None," € 1,00 "," € 14.999.000,00"
30. Nov 2007,Delisted (Notierungsaufnahme),Squeezy Sports Nutrition N.V., -kein-,None,None," € 0,13 "," € 1.625.000,00"
30. Nov 2007,Delisted (Notierungsaufnahme),Gast-Service Holding AG, -kein-,None,None," € 0,50 "," € 5.000.000,00"
28. Nov 2007,Delisted (Notierungsaufnahme),Vietnam Equity Holding, -kein-,None,None," € 2,55 "," € 39.413.503,80"
28. Nov 2007,Delisted (Notierungsaufnahme),Vietnam Property Holding, -kein-,None,None," € 2,55 "," € 16.467.504,75"
28. Nov 2007,Delisted (Notierungsaufnahme),Nessa International PLC, -kein-,None,None," € 0,75 "," € 47.658.749,25"
27. Nov 2007,Delisted (Notierungsaufnahme),MyGuide Internet AG, -kein-,None,None," € 1,40 "," € 35.000.000,00"
23. Nov 2007,Delisted (Notierungsaufnahme),Orbit Office AG, -kein-,None,None," € 0,10 "," € 1.000.000,00"
22. Nov 2007,Delisted (Notierungsaufnahme),E.Siqia Group AG, -kein-,None,None," € 0,60 "," € 36.000.000,00"
22. Nov 2007,Delisted (Notierungsaufnahme),IQ Investment AG, -kein-,None,None," € 4,00 "," € 18.000.000,00"
19. Nov 2007,Delisted (Notierungsaufnahme),AsiaPac Capital Services Inc., -kein-,None,None," € 1,00 "," € 8.000.000,00"
19. Nov 2007,Delisted (Notierungsaufnahme),Quanten Medicine AG, -kein-,None,None," € 5,00 "," € 12.500.000,00"
19. Nov 2007,Delisted (Notierungsaufnahme),LOGISTICS WASH Holding AG, -kein-,None,None," € 1,80 "," € 23.233.500,00"
15. Nov 2007,Delisted (Notierungsaufnahme),LifeJack AG i.A., -kein-,None,None," € 2,01 "," € 4.522.500,00"
12. Nov 2007,Delisted (Notierungsaufnahme),Classic Dream Properties Ltd., Finanzdienstleistung,None,None," € 1,90 "," € 68.319.149,30"
08. Nov 2007,Delisted (Notierungsaufnahme),Largo Energy AG, -kein-,None,None," € 0,10 "," € 2.000.000,00"
07. Nov 2007,Delisted (Notierungsaufnahme),Trinity Mining Holding AG, -kein-,None,None," € 1,00 "," € 33.000.000,00"
07. Nov 2007,Delisted (Notierungsaufnahme),INSPIRE AG, -kein-,None,None," € 1,41 "," € 2.911.650,00"
02. Nov 2007,Delisted (Notierungsaufnahme),Elliot Bulk Navigation AG, -kein-,None,None," € 1,00 "," € 400.000,00"
01. Nov 2007,Delisted (Notierungsaufnahme),Transglobal Explorations AG, -kein-,None,None," € 0,25 "," € 50.000,00"
26. Okt 2007,Delisted (Notierungsaufnahme),SentryLight Inc., -kein-,None,None," € 1,00 "," € 50.000.000,00"
26. Okt 2007,Delisted (Notierungsaufnahme),Boralis Invest AG, -kein-,None,None," € 1,10 "," € 22.000.000,00"
26. Okt 2007,Delisted (Notierungsaufnahme),Patron Mining AG, -kein-,None,None," € 0,45 "," € 22.950.000,00"
25. Okt 2007,Delisted (Notierungsaufnahme),Surikate Mittelstands AG, Finanzdienstleistung,None,None," € 6,34 "," € 18.538.160,00"
23. Okt 2007,Delisted (Notierungsaufnahme),PAP Property and Participation Holding AG, -kein-,None,None," € 3,50 "," € 35.000.000,00"
22. Okt 2007,Delisted (Notierungsaufnahme),VALUE-HOLDINGS AG, -kein-,None,None," € 2,50 "," € 900.000,00"
18. Okt 2007,Delisted (Notierungsaufnahme),FIHM Fonds und Immobilien Holding München AG, Finanzdienstleistung,None,None," € 8,50 "," € 81.944.169,73"
17. Okt 2007,Delisted (Notierungsaufnahme),Ceros Holding AG, -kein-,None,None," € 0,50 "," € 5.000.000,00"
11. Okt 2007,Delisted (Notierungsaufnahme),Netstar Networks Inc., -kein-,None,None," € 1,00 "," € 54.000.000,00"
10. Okt 2007,Delisted (Notierungsaufnahme),Infinite Energy Holding AG, -kein-,None,None," € 4,00 "," € 800.000,00"
09. Okt 2007,Delisted (Notierungsaufnahme),Meridio Vermögensverwaltung AG, -kein-,None,None," € 1,00 "," € 2.173.125,00"
05. Okt 2007,Delisted (Notierungsaufnahme),Nord Star Pharmashare A/S, -kein-,None,None," € 6,58 "," € 365.555.190,00"
03. Okt 2007,Delisted (Notierungsaufnahme),BTBS AG, -kein-,None,None," € 3,20 "," € 640.000,00"
01. Okt 2007,Delisted (Notierungsaufnahme),Alter Energy Group AG, -kein-,None,None," € 1,05 "," € 10.500.000,00"
28. Sep 2007,Delisted (Notierungsaufnahme),Mandarin Capital AG, -kein-,None,None," € 6,00 "," € 1.200.000,00"
28. Sep 2007,Delisted (Notierungsaufnahme),GB Global Mining AG, -kein-,None,None," € 2,00 "," € 20.000.000,00"
24. Sep 2007,Delisted (Notierungsaufnahme),Emerald Capital Group Corp., -kein-,None,None," € 1,00 "," € 15.083.328,00"
20. Sep 2007,Delisted (Notierungsaufnahme),MagForce AG, Pharma & Gesundheit,None,None," € 60,70 "," € 228.960.400,00"
18. Sep 2007,Delisted (Notierungsaufnahme),EMI European Media Investment AG, -kein-,None,None," € 11,60 "," € 11.600.000,00"
13. Sep 2007,Delisted (Notierungsaufnahme),Ancan Resources PLC, -kein-,None,None," € 0,75 "," € 11.257.125,00"
12. Sep 2007,Delisted (Notierungsaufnahme),Campus Investments PLC, -kein-,None,None," € 2,50 "," € 37.523.750,00"
12. Sep 2007,Delisted (Notierungsaufnahme),MCI med. care International AG, -kein-,None,None," € 8,50 "," € 85.000.000,00"
11. Sep 2007,Delisted (Notierungsaufnahme),seekport.ag, -kein-,None,None," € 4,75 "," € 475.000.000,00"
11. Sep 2007,Delisted (Notierungsaufnahme),BK Oil AG, -kein-,None,None," € 7,50 "," € 75.000.000,00"
07. Sep 2007,Delisted (Notierungsaufnahme),Detny Footwear Inc., -kein-,None,None," € 1,00 "," € 9.211.906,00"
05. Sep 2007,Delisted (Notierungsaufnahme),Grit International Inc., -kein-,None,None," € 1,00 "," € 15.045.000,00"
05. Sep 2007,Delisted (Notierungsaufnahme),SWISS Chillmi AG, -kein-,None,None," € 1,55 "," € 310.000.000,00"
04. Sep 2007,Delisted (Notierungsaufnahme),BBK Kontor Berlin AG, -kein-,None,None," € 2,20 "," € 550.000,00"
31. Aug 2007,Delisted (Notierungsaufnahme),EarthSearch Communications Inc., -kein-,None,None," € 2,00 "," € 44.251.106,00"
31. Aug 2007,Delisted (Notierungsaufnahme),Backbone Technology AG, -kein-,None,None," € 11,50 "," € 1.725.000,00"
21. Aug 2007,Delisted (Notierungsaufnahme),Nirek Resources Inc., -kein-,None,None," € 1,10 "," € 16.511.802,00"
21. Aug 2007,Delisted (Notierungsaufnahme),Schraad Metallbau AG, -kein-,None,None," € 5,00 "," € 1.000.000,00"
21. Aug 2007,Delisted (Notierungsaufnahme),Lobeck Medical AG, -kein-,None,None," € 4,20 "," € 546.000,00"
20. Aug 2007,Delisted (Notierungsaufnahme),GIG Grundbesitz Immobilien AG, -kein-,None,None," € 2,50 "," € 125.000,00"
16. Aug 2007,Delisted (Notierungsaufnahme),Juragent AG, -kein-,None,None," € 4,40 "," € 8.998.880,00"
13. Aug 2007,Delisted (Notierungsaufnahme),Rendato Corp., -kein-,None,None," € 4,00 "," € 16.620.000,00"
13. Aug 2007,Delisted (Notierungsaufnahme),ARCHEA Biogas N.V., -kein-,None,None," € 1,00 "," € 18.437.500,00"
10. Aug 2007,Delisted (Notierungsaufnahme),TKS Real Estate PLC, -kein-,None,None," € 14,50 "," € 32.625.000,00"
10. Aug 2007,Delisted (Notierungsaufnahme),Matador Private Equity AG, -kein-,None,None," € 6,82 "," € 13.790.350,00"
08. Aug 2007,Delisted (Notierungsaufnahme),MSR Technologies Inc., -kein-,None,None," € 0,95 "," € 31.901.950,00"
25. Jul 2007,Delisted (Notierungsaufnahme),Motion Network Holding Plc, -kein-,None,None," € 1,50 "," € 30.000.000,00"
23. Jul 2007,Delisted (Notierungsaufnahme),Voltavis AG, -kein-,None,None," € 1,00 "," € 60.000.000,00"
18. Jul 2007,Delisted (Notierungsaufnahme),Most Wanted Holding AG, -kein-,None,None," € 0,55 "," € 6.875.000,00"
17. Jul 2007,Delisted (Notierungsaufnahme),Nameprotect AG, -kein-,None,None," € 10,00 "," € 3.500.000,00"
16. Jul 2007,Delisted (Notierungsaufnahme),Prime Beteiligungen AG, -kein-,None,None," € 0,79 "," € 47.400.000,00"
04. Jul 2007,Delisted (Notierungsaufnahme),Bankhaus Main AG, -kein-,None,None," € 7,50 "," € 23.250.000,00"
04. Jul 2007,Delisted (Notierungsaufnahme),PlayJack N.V., -kein-,None,None," € 0,31 "," € 1.860.000,00"
03. Jul 2007,Delisted (Notierungsaufnahme),New African Mining AG, -kein-,None,None," € 0,85 "," € 66.300.000,00"
29. Jun 2007,Delisted (Notierungsaufnahme),Volkmann Vermögens Verwaltungs AG, -kein-,None,None," € 1,50 "," € 1.350.000,00"
28. Jun 2007,Delisted (Notierungsaufnahme),Galaxia Telecom International PLC, -kein-,None,None," € 1,00 "," € 458.423.366,00"
28. Jun 2007,Delisted (Notierungsaufnahme),Genesis Commodities AG, -kein-,None,None," € 0,55 "," € 5.500.000,00"
28. Jun 2007,Delisted (Notierungsaufnahme),Finanzkontor Zürich AG, -kein-,None,None," € 0,85 "," € 5.100.000,00"
28. Jun 2007,Delisted (Notierungsaufnahme),EnergyMixx AG, -kein-,None,None," € 1,10 "," € 88.000.000,00"
27. Jun 2007,Delisted (Notierungsaufnahme),MAX Software Inc., -kein-,None,None," € 0,65 "," € 8.775.000,00"
27. Jun 2007,Delisted (Notierungsaufnahme),Con Value AG, -kein-,None,None," € 8,00 "," € 2.000.000,00"
26. Jun 2007,Delisted (Notierungsaufnahme),United Energy Group Plc., -kein-,None,None," € 2,05 "," € 291.209.849,25"
22. Jun 2007,Delisted (Notierungsaufnahme),Nordland Ethanol International PLC, -kein-,None,None," € 2,00 "," € 48.000.000,00"
21. Jun 2007,Delisted (Notierungsaufnahme),Eurocastle Investment Limited, Finanzdienstleistung,None,None," € 34,00 "," € 2.169.867.454,00"
13. Jun 2007,Delisted (Notierungsaufnahme),Uranio AG, -kein-,None,None," € 0,92 "," € 16.560.000,00"
08. Jun 2007,Delisted (Notierungsaufnahme),eSky Exchange Corp., -kein-,None,None," € 0,02 "," € 200.000,00"
04. Jun 2007,Delisted (Notierungsaufnahme),Aquavinum Holding AG, -kein-,None,None," € 2,00 "," € 20.000.000,00"
04. Jun 2007,Delisted (Notierungsaufnahme),BPRE Bio Power Renewable Energy Inc., -kein-,None,None," € 22,00 "," € 770.000.000,00"
31. Mai 2007,Delisted (Notierungsaufnahme),Sino International Logistic Co. N.V., -kein-,None,None," € 0,10 "," € 7.500.000,00"
29. Mai 2007,Delisted (Notierungsaufnahme),Miramonte Mining AG, -kein-,None,None," € 0,80 "," € 47.024.000,00"
25. Mai 2007,Delisted (Notierungsaufnahme),Managed Gaming Solutions PLC, -kein-,None,None," € 0,85 "," € 122.847.540,00"
25. Mai 2007,Delisted (Notierungsaufnahme),ThermoShield AG, -kein-,None,None," € 1,65 "," € 16.500.000,00"
15. Mai 2007,Delisted (Notierungsaufnahme),FP Freizeitprojekte AG, -kein-,None,None," € 1,50 "," € 15.000.000,00"
09. Mai 2007,Delisted (Notierungsaufnahme),Grüezi Real Estate AG, Finanzdienstleistung,None,None," € 25,50 "," € 63.750.000,00"
07. Mai 2007,Delisted (Notierungsaufnahme),International Synergy Holding Co. Ltd., -kein-,None,None," € 36,80 "," € 736.000.000,00"
30. Apr 2007,Delisted (Notierungsaufnahme),Mammut Energy AG, -kein-,None,None," € 1,50 "," € 78.000.000,00"
27. Apr 2007,Delisted (Notierungsaufnahme),UFC Holding N.V., -kein-,None,None," € 0,51 "," € 5.100.000,00"
25. Apr 2007,Delisted (Notierungsaufnahme),Terra Aurum Holding AG, -kein-,None,None," € 1,25 "," € 12.500.000,00"
25. Apr 2007,Delisted (Notierungsaufnahme),Hepas Associated Media AG, -kein-,None,None," € 1,00 "," € 10.000.000,00"
23. Apr 2007,Delisted (Notierungsaufnahme),Bioenergy Capital AG, -kein-,None,None," € 5,00 "," € 1.000.000,00"
20. Apr 2007,Delisted (Notierungsaufnahme),GRETA AG, -kein-,None,None," € 6,50 "," € 100.750.000,00"
16. Apr 2007,Delisted (Notierungsaufnahme),MyloadBase N.V., -kein-,None,None," € 0,90 "," € 9.000.000,00"
12. Apr 2007,Delisted (Notierungsaufnahme),AION Diagnostics Inc., -kein-,None,None," € 1,50 "," € 15.207.516,00"
04. Apr 2007,Delisted (Notierungsaufnahme),Videonize PLC, -kein-,None,None," € 4,50 "," € 99.000.000,00"
03. Apr 2007,Delisted (Notierungsaufnahme),Immovaria Real Estate AG, -kein-,None,None," € 1,60 "," € 320.000,00"
03. Apr 2007,Delisted (Notierungsaufnahme),ZAAB Energy AG, -kein-,None,None," € 10,20 "," € 561.000.000,00"
30. Mär 2007,Delisted (Notierungsaufnahme),Gongyou Machines Ltd., -kein-,None,None," € 3,20 "," € 31.345.917,00"
30. Mär 2007,Delisted (Notierungsaufnahme),Out of Africa AG, -kein-,None,None," € 1,50 "," € 3.825.000,00"
30. Mär 2007,Delisted (Notierungsaufnahme),IHP Phoenix Biocycle Industries Holding AG, -kein-,None,None," € 1,05 "," € 1.050.000,00"
23. Mär 2007,Delisted (Notierungsaufnahme),Avitech Lifesciences Inc., -kein-,None,None," € 6,50 "," € 357.891.625,00"
21. Mär 2007,Delisted (Notierungsaufnahme),I.C.C. International Coalition Capital Inc., -kein-,None,None," € 8,00 "," € 80.000.000,00"
21. Mär 2007,Delisted (Notierungsaufnahme),systaic AG, Industrie,None,None," € 6,40 "," € 17.920.000,00"
15. Mär 2007,Delisted (Notierungsaufnahme),Chelsea Management Group Inc., -kein-,None,None," € 9,50 "," € 85.598.810,00"
12. Mär 2007,Delisted (Notierungsaufnahme),Fidor Bank AG, Finanzdienstleistung,None,None," € 15,50 "," € 43.031.922,00"
12. Mär 2007,Delisted (Notierungsaufnahme),MetrioPharm AG, -kein-,None,None," € 1,80 "," € 72.000.000,00"
06. Mär 2007,Delisted (Notierungsaufnahme),Mallorca Lifestyle AG, -kein-,None,None," € 0,85 "," € 850.000,00"
05. Mär 2007,Delisted (Notierungsaufnahme),PELLEX Bioenergie AG, -kein-,None,None," € 4,00 "," € 800.000,00"
02. Mär 2007,Delisted (Notierungsaufnahme),Best Investment Co. Inc., -kein-,None,None," € 4,00 "," € 4.000.000,00"
01. Mär 2007,Delisted (Notierungsaufnahme),Capital Communication AG, -kein-,None,None," € 1,05 "," € 12.600.000,00"
28. Feb 2007,Delisted (Notierungsaufnahme),CONET Technologies AG, Finanzdienstleistung,None,None," € 5,50 "," € 12.375.000,00"
27. Feb 2007,Delisted (Notierungsaufnahme),P & H Logistik AG, -kein-,None,None," € 5,50 "," € 8.250.000,00"
26. Feb 2007,Delisted (Notierungsaufnahme),Kronos Media AG, -kein-,None,None," € 0,55 "," € 5.500.000,00"
23. Feb 2007,Delisted (Notierungsaufnahme),MEXA GOLD Inc., -kein-,None,None," € 0,03 "," € 300.000,00"
22. Feb 2007,Delisted (Notierungsaufnahme),IBS Group Holding Limited, -kein-,None,None," € 16,00 "," € 3.682.839,00"
16. Feb 2007,Delisted (Notierungsaufnahme),Wirefree International Inc., -kein-,None,None," € 0,01 "," € 1.000.000,00"
16. Feb 2007,Delisted (Notierungsaufnahme),LongLife Ventures AG, -kein-,None,None," € 0,10 "," € 2.000.000,00"
15. Feb 2007,Delisted (Notierungsaufnahme),wheel IT AG, -kein-,None,None," € 10,00 "," € 11.600.000,00"
09. Feb 2007,Delisted (Notierungsaufnahme),Future Tec Inc., -kein-,None,None," € 0,03 "," € 1.500.000,00"
06. Feb 2007,Delisted (Notierungsaufnahme),BKN biostrom AG, -kein-,None,None," € 7,25 "," € 39.875.000,00"
05. Feb 2007,Delisted (Notierungsaufnahme),BCA AG, Software,None,None," € 17,20 "," € 61.898.053,00"
02. Feb 2007,Delisted (Notierungsaufnahme),Infostream Inc., -kein-,None,None," € 0,02 "," € 2.000.000,00"
01. Feb 2007,Delisted (Notierungsaufnahme),AQUAMONDI AG, -kein-,None,None," € 1,00 "," € 1.000.000,00"
01. Feb 2007,Delisted (Notierungsaufnahme),CS Engineering AG, -kein-,None,None," € 0,70 "," € 4.550.000,00"
01. Feb 2007,Delisted (Notierungsaufnahme),ACAZIS AG, -kein-,None,None," € 3,60 "," € 46.800.000,00"
22. Jan 2007,Delisted (Notierungsaufnahme),Lichtenergiewerke AG, -kein-,None,None," € 3,00 "," € 2.250.000,00"
18. Jan 2007,Delisted (Notierungsaufnahme),Swiss Hawk AG, -kein-,None,None," € 0,90 "," € 90.000.000,00"
17. Jan 2007,Delisted (Notierungsaufnahme),Pfaff Industrie Maschinen AG, -kein-,None,None," € 2,42 "," € 24.200.000,00"
12. Jan 2007,Delisted (Notierungsaufnahme),Chernihivske KhimVolokno, -kein-,None,None," € 6,30 "," € 43.224.300,00"
08. Jan 2007,Delisted (Notierungsaufnahme),Global Mineral Resources Corp., -kein-,None,None," € 2,00 "," € 29.920.500,00"
03. Jan 2007,Delisted (Notierungsaufnahme),Central Kimberley Diamonds Ltd., -kein-,None,None," € 0,06 "," € 1.926.004,00"
29. Dez 2006,Delisted (Notierungsaufnahme),Franca Equity AG, -kein-,None,None," € 3,15 "," € 787.500,00"
28. Dez 2006,Delisted (Notierungsaufnahme),ARTEMIS Global Capital SE, -kein-,None,None," € 10,00 "," € 5.000.000,00"
28. Dez 2006,Delisted (Notierungsaufnahme),Sherbrooke Equity AG, Finanzdienstleistung,None,None," € 2,50 "," € 60.500.000,00"
22. Dez 2006,Delisted (Notierungsaufnahme),SPV Edelmetalle AG, -kein-,None,None," € 2,00 "," € 800.000,00"
22. Dez 2006,Delisted (Notierungsaufnahme),Octagon Energy AG, -kein-,None,None," € 3,50 "," € 350.000,00"
22. Dez 2006,Delisted (Notierungsaufnahme),SMILES AG, -kein-,None,None," € 1,50 "," € 4.714.574,00"
22. Dez 2006,Delisted (Notierungsaufnahme),Accel Energy AG, -kein-,None,None," € 1,05 "," € 52.500.000,00"
21. Dez 2006,Delisted (Notierungsaufnahme),NanoStrategy AG, -kein-,None,None," € 6,00 "," € 3.000.000,00"
21. Dez 2006,Delisted (Notierungsaufnahme),Pfandfinanz Holding AG, -kein-,None,None," € 1,80 "," € 1.800.000,00"
21. Dez 2006,Delisted (Notierungsaufnahme),eMind AG, -kein-,None,None," € 1,05 "," € 367.500,00"
21. Dez 2006,Delisted (Notierungsaufnahme),Bavaria Venture Capital & Trade AG, -kein-,None,None," € 12,00 "," € 3.600.000,00"
21. Dez 2006,Delisted (Notierungsaufnahme),n.runs AG, Software,None,None," € 9,50 "," € 5.320.000,00"
20. Dez 2006,Delisted (Notierungsaufnahme),Fortune Graphite Inc., -kein-,None,None," € 1,75 "," € 55.914.211,00"
20. Dez 2006,Delisted (Notierungsaufnahme),Tier-Spezi AG, -kein-,None,None," € 1,00 "," € 10.000.000,00"
20. Dez 2006,Delisted (Notierungsaufnahme),Dahava Resources Ltd., -kein-,None,None," € 3,00 "," € 13.565.214,00"
15. Dez 2006,Delisted (Notierungsaufnahme),Genesys Wind AG, -kein-,None,None," € 12,22 "," € 65.988.000,00"
14. Dez 2006,Delisted (Notierungsaufnahme),aktiengesellschaft TOKUGAWA, -kein-,None,None," € 3,00 "," € 1.080.000,00"
14. Dez 2006,Delisted (Notierungsaufnahme),Caelifera Capital AG, -kein-,None,None," € 1,15 "," € 460.000,00"
14. Dez 2006,Delisted (Notierungsaufnahme),Biogas Nord AG, Industrie,None,None," € 16,90 "," € 25.350.000,00"
13. Dez 2006,Delisted (Notierungsaufnahme),Princess Private Equity Holding Limited, Finanzdienstleistung,None,None," € 80,00 "," € 560.800.000,00"
11. Dez 2006,Delisted (Notierungsaufnahme),Azur Holdings Inc., -kein-,None,None," € 2,25 "," € 4.500.000,00"
11. Dez 2006,Delisted (Notierungsaufnahme),ABAG AKTIENMARKT BETEILIGUNGS AG, -kein-,None,None," € 5,00 "," € 1.000.000,00"
06. Dez 2006,Delisted (Notierungsaufnahme),Russia Total Return AG, -kein-,None,None," € 8,00 "," € 8.479.760,00"
06. Dez 2006,Delisted (Notierungsaufnahme),Mox Telecom AG, Industrie,None,None," € 7,50 "," € 18.000.000,00"
01. Dez 2006,Delisted (Notierungsaufnahme),Telecare Health Inc., -kein-,None,None," € 1,00 "," € 39.882.688,00"
30. Nov 2006,Delisted (Notierungsaufnahme),ResProp Immobilien AG, -kein-,None,None," € 2,71 "," € 3.707.229,00"
27. Nov 2006,Delisted (Notierungsaufnahme),Worldwide Mobile Marketing Corp., -kein-,None,None," € 1,00 "," € 16.850.000,00"
27. Nov 2006,Delisted (Notierungsaufnahme),Kenartha Oil & Gas Co. Ltd., -kein-,None,None," € 3,50 "," € 29.037.365,00"
24. Nov 2006,Delisted (Notierungsaufnahme),Corona Equity Partner AG, -kein-,None,None," € 6,00 "," € 3.000.000,00"
16. Nov 2006,Delisted (Notierungsaufnahme),Palladius AG, Finanzdienstleistung,None,None," € 10,00 "," € 2.000.000,00"
16. Nov 2006,Delisted (Notierungsaufnahme),GoingPublic Media AG, -kein-,None,None," € 2,60 "," € 2.340.000,00"
10. Nov 2006,Delisted (Notierungsaufnahme),SEE Real Estate AG, -kein-,None,None," € 10,00 "," € 500.000,00"
09. Nov 2006,Delisted (Notierungsaufnahme),REII - Development AG, -kein-,None,None," € 4,50 "," € 900.000,00"
08. Nov 2006,Delisted (Notierungsaufnahme),Blackgold Natural Resources PLC, -kein-,None,None," € 3,00 "," € 228.000.000,00"
08. Nov 2006,Delisted (Notierungsaufnahme),UR Holding S.p.A., Technologie,None,None," € 3,50 "," € 21.958.580,00"
06. Nov 2006,Delisted (Notierungsaufnahme),NBIC Capital AG, -kein-,None,None," € 20,10 "," € 10.050.000,00"
30. Okt 2006,Delisted (Notierungsaufnahme),Minaya Capital AG, -kein-,None,None," € 12,00 "," € 5.040.000,00"
20. Okt 2006,Delisted (Notierungsaufnahme),Anthousa Ltd., -kein-,None,None," € 19,00 "," € 364.762.000,00"
20. Okt 2006,Delisted (Notierungsaufnahme),IT-Market Computer Systems AG, -kein-,None,None," € 3,50 "," € 3.675.000,00"
12. Okt 2006,Delisted (Notierungsaufnahme),EQUIPOTENTIAL SE, -kein-,None,None," € 6,50 "," € 3.250.000,00"
05. Okt 2006,Delisted (Notierungsaufnahme),RR Analysis TopSelect AG, -kein-,None,None," € 2,52 "," € 1.260.000,00"
27. Sep 2006,Delisted (Notierungsaufnahme),Center-Tainment AG, -kein-,None,None," € 1,25 "," € 12.500.000,00"
22. Sep 2006,Delisted (Notierungsaufnahme),Global Resources AG, -kein-,None,None," € 0,99 "," € 10.135.502,19"
22. Sep 2006,Delisted (Notierungsaufnahme),INTELIS AG, Industrie,None,None," € 2,50 "," € 25.000.000,00"
21. Sep 2006,Delisted (Notierungsaufnahme),Sysix Solutions Inc., -kein-,None,None," € 1,00 "," € 50.000.000,00"
19. Sep 2006,Delisted (Notierungsaufnahme),Solarvalue AG, -kein-,None,None," € 11,50 "," € 5.175.000,00"
19. Sep 2006,Delisted (Notierungsaufnahme),MINDFIRE REAL ESTATE AG, -kein-,None,None," € 2,00 "," € 1.000.000,00"
15. Sep 2006,Delisted (Notierungsaufnahme),Francono Rhein-Main AG, Finanzdienstleistung,None,None," € 3,20 "," € 67.200.000,00"
15. Sep 2006,Delisted (Notierungsaufnahme),Powerbags AG, -kein-,None,None," € 1,45 "," € 1.316.600,00"
13. Sep 2006,Delisted (Notierungsaufnahme),afendis payment AG, -kein-,None,None," € 35,50 "," € 15.620.000,00"
17. Aug 2006,Delisted (Notierungsaufnahme),VERION AG, -kein-,None,None," € 1,45 "," € 14.500.000,00"
15. Aug 2006,Delisted (Notierungsaufnahme),API Invest & Finanz AG, Finanzdienstleistung,None,None," € 3,60 "," € 3.600.000,00"
14. Aug 2006,Delisted (Notierungsaufnahme),Kofler Energies AG, Industrie,None,None," € 10,60 "," € 11.075.940,00"
10. Aug 2006,Delisted (Notierungsaufnahme),Q2M Managementberatung AG, -kein-,None,None," € 8,00 "," € 4.000.000,00"
01. Aug 2006,Delisted (Notierungsaufnahme),Aldea Assekuranzmakler AG, -kein-,None,None," € 8,00 "," € 2.800.000,00"
01. Aug 2006,Delisted (Notierungsaufnahme),Eastern European Venture Group Inc., -kein-,None,None," € 0,90 "," € 24.374.205,00"
31. Jul 2006,Delisted (Notierungsaufnahme),Black Box Capital AG, -kein-,None,None," € 3,50 "," € 4.375.000,00"
26. Jul 2006,Delisted (Notierungsaufnahme),MAGNAT Real Estate Opportunities GmbH & Co. KGaA, -kein-,None,None," € 1,62 "," € 34.830.000,00"
20. Jul 2006,Delisted (Notierungsaufnahme),GALILEO MEDIEN AG, -kein-,None,None," € 3,20 "," € 2.560.000,00"
17. Jul 2006,Delisted (Notierungsaufnahme),HappyBet AG, -kein-,None,None," € 8,00 "," € 1.200.000,00"
11. Jul 2006,Delisted (Notierungsaufnahme),HumanOptics AG, Pharma & Gesundheit,None,None," € 6,00 "," € 27.000.000,00"
07. Jul 2006,Delisted (Notierungsaufnahme),Rücker Immobilien Portfolio AG, -kein-,None,None," € 5,00 "," € 2.500.000,00"
03. Jul 2006,Delisted (Notierungsaufnahme),Hansen Sicherheitstechnik AG, -kein-,None,None," € 6,55 "," € 8.187.500,00"
30. Jun 2006,Delisted (Notierungsaufnahme),SIWANA AG, -kein-,None,None," € 5,50 "," € 2.200.000,00"
26. Jun 2006,Delisted (Notierungsaufnahme),AURELIUS AG, -kein-,None,None," € 11,10 "," € 5.550.000,00"
26. Jun 2006,Delisted (Notierungsaufnahme),SCI AG, -kein-,None,None," € 10,60 "," € 3.899.612,80"
23. Jun 2006,Delisted (Notierungsaufnahme),Goldfish Holdings Inc., -kein-,None,None," € 5,80 "," € 34.800.000,00"
13. Jun 2006,Delisted (Notierungsaufnahme),Kids Brands House N.V., -kein-,None,None," € 0,07 "," € 1.400.000,00"
12. Jun 2006,Delisted (Notierungsaufnahme),Elia Tuning & Design AG, -kein-,None,None," € 10,00 "," € 2.862.580,00"
09. Jun 2006,Delisted (Notierungsaufnahme),Lena Beteiligungs AG, -kein-,None,None," € 1,70 "," € 5.100.000,00"
06. Jun 2006,Delisted (Notierungsaufnahme),TYROS AG Finanzdienstleistungen, -kein-,None,None," € 13,00 "," € 6.500.000,00"
02. Jun 2006,Delisted (Notierungsaufnahme),Meteor AG, -kein-,None,None," € 4,50 "," € 2.025.000,00"
02. Jun 2006,Delisted (Notierungsaufnahme),LUWAG Leben und Wohnen AG, -kein-,None,None," € 4,50 "," € 2.025.000,00"
01. Jun 2006,Delisted (Notierungsaufnahme),DUMPcar AG, -kein-,None,None," € 21,50 "," € 86.000.000,00"
01. Jun 2006,Delisted (Notierungsaufnahme),EcoUnion AG, Handel,None,None," € 2,00 "," € 1.940.000,00"
30. Mai 2006,Delisted (Notierungsaufnahme),NascaCell Technologies AG, -kein-,None,None," € 8,00 "," € 32.000.000,00"
26. Mai 2006,Delisted (Notierungsaufnahme),Dubai Oasis Capital AG, -kein-,None,None," € 10,50 "," € 11.550.021,00"
23. Mai 2006,Delisted (Notierungsaufnahme),Tauris Solar AG, -kein-,None,None," € 5,00 "," € 2.500.000,00"
19. Mai 2006,Delisted (Notierungsaufnahme),IFM Immobilien AG, Industrie,None,None," € 10,90 "," € 92.650.000,00"
17. Mai 2006,Delisted (Notierungsaufnahme),EXchange Investors N.V., -kein-,None,None," € 0,18 "," € 10.800.000,00"
16. Mai 2006,Delisted (Notierungsaufnahme),INNOVATIV CAPITAL AG, -kein-,None,None," € 1,46 "," € 995.720,00"
15. Mai 2006,Delisted (Notierungsaufnahme),Elite World S.A., Industrie,None,None," € 3,00 "," € 59.643.000,00"
08. Mai 2006,Delisted (Notierungsaufnahme),Geld Art AG, -kein-,None,None," € 24,50 "," € 26.950.000,00"
05. Apr 2006,Delisted (Notierungsaufnahme),Dolphin Capital AG, -kein-,None,None," € 6,05 "," € 2.299.000,00"
03. Apr 2006,Delisted (Notierungsaufnahme),Mox Deals AG, Finanzdienstleistung,None,None," € 0,48 "," € 288.000,00"
03. Apr 2006,Delisted (Notierungsaufnahme),Solar² AG, Industrie,None,None," € 3,90 "," € 28.470.000,00"
31. Mär 2006,Delisted (Notierungsaufnahme),nextevolution AG, Software,None,None," € 15,10 "," € 11.325.000,00"
31. Mär 2006,Delisted (Notierungsaufnahme),SWL Sustainable Wealth Lab AG, Finanzdienstleistung,None,None," € 16,00 "," € 33.440.000,00"
28. Mär 2006,Delisted (Notierungsaufnahme),Oil & Gas Capital AG, -kein-,None,None," € 3,00 "," € 6.600.000,00"
02. Mär 2006,Delisted (Notierungsaufnahme),Feedback AG, Finanzdienstleistung,None,None," € 6,00 "," € 1.800.000,00"
01. Mär 2006,Delisted (Notierungsaufnahme),Autoworks International Ltd., -kein-,None,None," € 1,10 "," € 21.620.720,00"
24. Feb 2006,Delisted (Notierungsaufnahme),Lead Invest Inc., -kein-,None,None," € 8,40 "," € 4.200.000,00"
23. Feb 2006,Delisted (Notierungsaufnahme),Protektus AG, -kein-,None,None," € 1,36 "," € 900.771,52"
31. Jan 2006,Delisted (Notierungsaufnahme),Solen AG, Industrie,None,None," € 5,25 "," € 2.100.000,00"
20. Jan 2006,Delisted (Notierungsaufnahme),Klosterbrauerei Königsbronn AG, -kein-,None,None," € 8,00 "," € 2.640.000,00"
30. Dez 2005,Delisted (Notierungsaufnahme),n2 Nanotech AG, -kein-,None,None," € 5,41 "," € 1.893.500,00"
29. Dez 2005,Delisted (Notierungsaufnahme),independent capital AG, -kein-,None,None," € 1,80 "," € 2.252.358,00"
23. Dez 2005,Delisted (Notierungsaufnahme),Infratec AG, -kein-,None,None," € 7,21 "," € 7.210.000,00"
15. Dez 2005,Delisted (Notierungsaufnahme),THENERGO sustainable energies AG, -kein-,None,None," € 4,90 "," € 13.230.000,00"
14. Dez 2005,Delisted (Notierungsaufnahme),MioBet AG, -kein-,None,None," € 8,40 "," € 268.800.000,00"
02. Dez 2005,Delisted (Notierungsaufnahme),Peaches AG, -kein-,None,None," € 5,00 "," € 2.000.000,00"
02. Dez 2005,Delisted (Notierungsaufnahme),VAP-Vorboersliche Aktienplattform.de AG, -kein-,None,None," € 1,00 "," € 2.000.000,00"
01. Dez 2005,Delisted (Notierungsaufnahme),Baytowne International Group Inc., -kein-,None,None," € 1,15 "," € 6.229.165,90"
30. Nov 2005,Delisted (Notierungsaufnahme),wallstreet:online capital AG, Finanzdienstleistung,None,None," € 20,50 "," € 9.527.375,00"
28. Nov 2005,Delisted (Notierungsaufnahme),VIB Vermögen AG, -kein-,None,None," € 6,00 "," € 58.752.000,00"
24. Nov 2005,Delisted (Notierungsaufnahme),Babylon Capital AG, -kein-,None,None," € 6,00 "," € 3.000.000,00"
14. Nov 2005,Delisted (Notierungsaufnahme),NanoFocus AG, Industrie,None,None," € 14,70 "," € 28.021.140,00"
07. Nov 2005,Delisted (Notierungsaufnahme),Realtime Technology AG, Software,None,None," € 15,45 "," € 22.218.027,00"
31. Okt 2005,Delisted (Notierungsaufnahme),Leonardo Venture GmbH & Co. KGaA, Finanzdienstleistung,None,None," € 2,65 "," € 21.899.165,40"
20. Okt 2005,Delisted (Notierungsaufnahme),Sunline AG, Industrie," € 6,00 "," € 37.350.000,00"," € 6,00 "," € 37.350.000,00"
17. Okt 2005,Delisted (Notierungsaufnahme),http.net AG, -kein-,None,None," € 4,50 "," € 9.675.000,00"
14. Okt 2005,Delisted (Notierungsaufnahme),informica real invest AG, Finanzdienstleistung,None,None," € 5,00 "," € 1.750.000,00"
12. Okt 2005,Delisted (Notierungsaufnahme),AMITELO AG, Telekommunikation,None,None," € 1,10 "," € 22.000.000,00"
29. Sep 2005,Delisted (Notierungsaufnahme),CENTROSOLAR AG, -kein-,None,None," € 16,00 "," € 91.680.000,00"
19. Sep 2005,Delisted (Notierungsaufnahme),3S Industries AG, -kein-,None,None," € 2,00 "," € 11.080.000,00"
27. Jul 2005,Delisted (Notierungsaufnahme),Solar Millennium AG, -kein-,None,None," € 10,05 "," € 99.650.725,00"
12. Jul 2005,Delisted (Notierungsaufnahme),net mobile AG, Telekommunikation," € 10,80 "," € 46.699.200,00"," € 10,80 "," € 46.699.200,00"
29. Jun 2005,Delisted (Notierungsaufnahme),DLO Deutsche Logistik Outsourcing AG, -kein-,None,None," € 4,00 "," € 4.839.996,00"
10. Jun 2005,Delisted (Notierungsaufnahme),Xerius BioScience AG, -kein-,None,None," € 1,50 "," € 525.000,00"
29. Apr 2005,Delisted (Notierungsaufnahme),Studio Babelsberg AG, -kein-,None,None," € 1,65 "," € 24.750.000,00"
27. Apr 2004,Delisted (Notierungsaufnahme),Constantin Medien AG, Medien,None,None," € 3,70 "," € 242.784.609,00"
06. Okt 2003,Delisted (Notierungsaufnahme),Hypo Real Estate Holding AG, Finanzdienstleistung,None,None," € 11,25 "," € 1.467.379.968,75"
26. Nov 2001,Delisted (Notierungsaufnahme),Scholz & Friends AG, -kein-,None,None," € 4,10 ", -
04. Sep 2001,Delisted (Notierungsaufnahme),EIC Electricity S.A., -kein-,None,None," € 66,00 ", -
15. Mai 2001,Delisted (Notierungsaufnahme),Novavisions AG, Software,None,None," € 6,20 ", -
09. Feb 2001,Delisted (Notierungsaufnahme),DGAG Deutsche Grundvermögen AG, -kein-,None,None," € 18,35 ", -
27. Dez 2000,Delisted (Notierungsaufnahme),FinecoGroup S.p.A., -kein-,None,None," € 7,10 ", -
19. Dez 2000,Delisted (Notierungsaufnahme),PA Power Automation AG, Technologie,None,None," € 27,75 ", -
07. Dez 2000,Delisted (Notierungsaufnahme),QXL ricardo plc, -kein-,None,None," € 0,20 ", -
26. Okt 2000,Delisted (Notierungsaufnahme),Eurofins Scientific Group, Pharma & Gesundheit," € 38,80 ", -," € 38,80 ", -
11. Okt 2000,Delisted (Notierungsaufnahme),Omega Project Co. Ltd., -kein-,None,None," € 7,50 ", -
04. Sep 2000,Delisted (Notierungsaufnahme),itelligence AG, Software,None,None," € 33,00 ", -
04. Sep 2000,Delisted (Notierungsaufnahme),IVG Deutschland Immobilien AG, Finanzdienstleistung,None,None," € 26,00 ", -
24. Aug 2000,Delisted (Notierungsaufnahme),Metis Capital Ltd., Finanzdienstleistung," € 15,10 ", -," € 15,10 ", -
28. Jul 2000,Delisted (Notierungsaufnahme),Job-Today AG, -kein-,None,None," € 10,00 ", -
27. Mär 2000,Delisted (Notierungsaufnahme),ADITRON AG, -kein-,None,None," € 20,00 ", -
11. Feb 2000,Delisted (Notierungsaufnahme),Novavisions AG, Software," € 55,00 ", -," € 55,00 ", -
28. Jan 2000,Delisted (Notierungsaufnahme),DICOM GROUP plc, -kein-," € 13,80 ", -," € 13,80 ", -
13. Dez 1999,Delisted (Notierungsaufnahme),GfN AG, -kein-," € 12,30 ", -," € 12,30 ", -
07. Dez 1999,Delisted (Notierungsaufnahme),Integra S.A., -kein-," € 110,00 ", -," € 110,00 ", -
29. Nov 1999,Delisted (Notierungsaufnahme),"TEAM Communications Group, Inc.", Medien," € 5,70 ", -," € 5,70 ", -
28. Okt 1999,Delisted (Notierungsaufnahme),NICHIEI COMPANY LIMITED, -kein-,None,None," € 45,50 ", -
25. Okt 1999,Delisted (Notierungsaufnahme),Celanese AG, -kein-," € 16,00 ", -," € 16,00 ", -
16. Aug 1999,Delisted (Notierungsaufnahme),Hypo Real Estate Bank AG, Finanzdienstleistung,None,None," € 49,25 ", -
15. Jul 1999,Delisted (Notierungsaufnahme),Micronas Semiconductor Holding AG, -kein-," € 120,00 ", -," € 120,00 ", -
22. Jun 1999,Delisted (Notierungsaufnahme),COR AG Financial Technologies, Software," € 31,00 ", -," € 31,00 ", -
02. Jun 1999,Delisted (Notierungsaufnahme),Lobster Network Storage AG, -kein-," € 30,00 ", -," € 30,00 ", -
31. Mai 1999,Delisted (Notierungsaufnahme),Global TeleSystems Inc., -kein-,None,None," € 73,30 ", -
26. Apr 1999,Delisted (Notierungsaufnahme),TA Triumph Adler AG, Industrie,None,None," € 7,20 ", -
01. Apr 1999,Delisted (Notierungsaufnahme),EHLEBRACHT AG, Industrie,None,None," € 47,00 ", -
01. Apr 1999,Delisted (Notierungsaufnahme),EHLEBRACHT AG, Industrie,None,None," € 43,00 ", -
08. Feb 1999,Delisted (Notierungsaufnahme),Degussa AG, Chemie,None,None," € 36,50 ", -
09. Dez 1998,Delisted (Notierungsaufnahme),Cybernet Internet Services International Inc., -kein-," DEM 62,00 ", -," DEM 62,00 ", -
03. Sep 1998,Delisted (Notierungsaufnahme),Bombardier Inc., -kein-,None,None," DEM 20,50 ", -
20. Aug 1998,Delisted (Notierungsaufnahme),EUROHYPO AG, Banken,None,None," DEM 620,00 ", -
08. Jul 1998,Delisted (Notierungsaufnahme),VT Finance AG, Pharma & Gesundheit," DEM 49,30 ", -," DEM 49,30 ", -
29. Jun 1998,Delisted (Notierungsaufnahme),TPG N.V., -kein-,None,None," DEM 47,50 ", -
17. Jun 1998,Delisted (Notierungsaufnahme),Quante AG, -kein-,None,None," DEM 480,00 ", -
13. Mai 1998,Delisted (Notierungsaufnahme),TIPTEL AG, Technologie," DEM 68,00 ", -," DEM 68,00 ", -
02. Feb 1998,Delisted (Notierungsaufnahme),Ergo Versicherungsgruppe AG, Versicherungen,None,None," DEM 220,00 ", -
01. Dez 1997,Delisted (Notierungsaufnahme),AMG Mining AG, Energie & Rohstoffe," DEM 34,00 ", -," DEM 34,00 ", -
22. Okt 1997,Delisted (Notierungsaufnahme),RSE Grundbesitz und Beteiligungs-AG, Finanzdienstleistung,None,None," DEM 21,50 ", -
15. Jul 1997,Delisted (Notierungsaufnahme),Pfleiderer AG, Industrie,None,None," DEM 44,50 ", -
