name,ISIN,CCP-f√§hig,Markt
029 GROUP SE INH O.N. (EUR), DE000A2LQ2D0,Yes, Xetra
1+1 AG INH O.N. (EUR), DE0005545503,Yes, Xetra
11 88 0 SOLUTIONS AG (EUR), DE0005118806,Yes, Xetra
123FAHRSCHULE SE INH O.N. (EUR), DE000A2P4HL9,Yes, Xetra
2G ENERGY AG (EUR), DE000A0HL8N9,Yes, Xetra
2INVEST AG NA O.N. (EUR), DE000A3H3L44,Yes, Xetra
"3 D SYS CORP. DL-,001 (EUR)", US88554D2053,Yes, Xetra
"3M CO. DL-,01 (EUR)", US88579Y1010,Yes, Xetra
3U HOLDING AG (EUR), DE0005167902,Yes, Xetra
468 SPAC II SE EO 1 (EUR), LU2380748603,Yes, Xetra
4BASEBIO PLC EO 1 (EUR), GB00BMCLYF79,Yes, Xetra
7C SOLARPARKEN AG O.N. (EUR), DE000A11QW68,Yes, Xetra
A.P.MOELL.-M.NAM A DK1000 (EUR), DK0010244425,Yes, Xetra
A.P.MOELL.-M.NAM B DK1000 (EUR), DK0010244508,Yes, Xetra
A.S.CREATION TAPETEN NA (EUR), DE000A1TNNN5,Yes, Xetra
AAP IMPLANTATE AG O.N. (EUR), DE000A3H2101,Yes, Xetra
AAREAL BANK AG (EUR), DE0005408116,Yes, Xetra
ABBOTT LABS (EUR), US0028241000,Yes, Xetra
"ABBVIE INC. DL-,01 (EUR)", US00287Y1091,Yes, Xetra
ABO WIND AG O.N. (EUR), DE0005760029,Yes, Xetra
ABOUT YOU HOLDING SE (EUR), DE000A3CNK42,Yes, Xetra
ACCENTRO R.EST.AG O.N. (EUR), DE000A0KFKB3,Yes, Xetra
ACCOR SA INH. EO 3 (EUR), FR0000120404,Yes, Xetra
ACTIVISION BLIZZARD INC. (EUR), US00507V1098,Yes, Xetra
"AD PEPPER MEDIA EO 0,05 (EUR)", NL0000238145,Yes, Xetra
ADESSO SE INH O.N. (EUR), DE000A0Z23Q5,Yes, Xetra
ADIDAS AG NA O.N. (EUR), DE000A1EWWW0,Yes, Xetra
ADLER GROUP S.A. NPV (EUR), LU1250154413,Yes, Xetra
ADLER REAL ESTATE AG (EUR), DE0005008007,Yes, Xetra
ADOBE INC. (EUR), US00724F1012,Yes, Xetra
ADTRAN HOLDINGS INC. (EUR), US00486H1059,Yes, Xetra
ADV.BLOCKCHAIN AG INH ON (EUR), DE000A0M93V6,Yes, Xetra
ADVA OPT.NETW.SE O.N. (EUR), DE0005103006,Yes, Xetra
"ADVANCED MIC.DEV. DL-,01 (EUR)", US0079031078,Yes, Xetra
"ADYEN N.V. EO-,01 (EUR)", NL0012969182,Yes, Xetra
AEGON NV (DEMAT.) EO-12 (EUR), NL0000303709,Yes, Xetra
"AFLAC INC. DL -,10 (EUR)", US0010551028,Yes, Xetra
"AGCO CORP. DL-,01 (EUR)", US0010841023,Yes, Xetra
AGEAS SA/NV (EUR), BE0974264930,Yes, Xetra
AGRANA BET.AG INH. (EUR), AT000AGRANA3,Yes, Xetra
"AHOLD DELHAIZE,KON.EO-,01 (EUR)", NL0011794037,Yes, Xetra
AIFINYO AG INH O.N. (EUR), DE000A2G8XP9,Yes, Xetra
AIR FRANCE-KLM INH. EO 1 (EUR), FR0000031122,Yes, Xetra
"AIR LIQUIDE INH. EO 5,50 (EUR)", FR0000120073,Yes, Xetra
AIR PROD. CHEM. DL 1 (EUR), US0091581068,Yes, Xetra
"AIRBNB INC. DL-,01 (EUR)", US0090661010,Yes, Xetra
AIRBUS SE (EUR), NL0000235190,Yes, Xetra
AIXTRON SE NA O.N. (EUR), DE000A0WMPJ6,Yes, Xetra
"AKAMAI TECH. DL-,01 (EUR)", US00971T1016,Yes, Xetra
"ALBEMARLE CORP. DL-,01 (EUR)", US0126531013,Yes, Xetra
ALBIS LEASING AG O.N. (EUR), DE0006569403,Yes, Xetra
ALCOA CORP. O.N. (EUR), US0138721065,Yes, Xetra
"ALFEN N.V. EO -,10 (EUR)", NL0012817175,Yes, Xetra
ALIBABA GR.HLDG SP.ADR 8 (EUR), US01609W1027,Yes, Xetra
"ALIGN TECHNOLOGY DL-,0001 (EUR)", US0162551016,Yes, Xetra
ALL FOR ONE GROUP NA O.N. (EUR), DE0005110001,Yes, Xetra
ALLGEIER SE NA O.N. (EUR), DE000A2GS633,Yes, Xetra
ALLIANZ SE NA O.N. (EUR), DE0008404005,Yes, Xetra
"ALLSTATE CORP. DL-,01 (EUR)", US0200021014,Yes, Xetra
"ALLY FINANCIAL INC.DL-,10 (EUR)", US02005N1000,Yes, Xetra
ALMONTY INDUSTRIES INC. (EUR), CA0203981034,Yes, Xetra
"ALPHABET INC.CL C DL-,001 (EUR)", US02079K1079,Yes, Xetra
"ALPHABET INC.CL.A DL-,001 (EUR)", US02079K3059,Yes, Xetra
ALSTOM S.A. INH. EO 7 (EUR), FR0010220475,Yes, Xetra
ALSTRIA OFFICE REIT-AG (EUR), DE000A0LD2U1,Yes, Xetra
"ALTERYX INC. A DL-,0001 (EUR)", US02156B1035,Yes, Xetra
"ALTRIA GRP INC. DL-,333 (EUR)", US02209S1033,Yes, Xetra
ALZCHEM GROUP AG INH O.N. (EUR), DE000A2YNT30,Yes, Xetra
AMADEUS FIRE AG (EUR), DE0005093108,Yes, Xetra
"AMADEUS IT GRP SA EO 0,01 (EUR)", ES0109067019,Yes, Xetra
"AMAZON.COM INC. DL-,01 (EUR)", US0231351067,Yes, Xetra
AMC ENTERTAINMENT HLDGS A (EUR), US00165C1045,Yes, Xetra
AMC ENTMT HLDGS PRF.SHS (EUR), US00165C2035,Yes, Xetra
"AMER. EXPRESS DL -,20 (EUR)", US0258161092,Yes, Xetra
"AMER.INTL GRP NEW DL 2,50 (EUR)", US0268747849,Yes, Xetra
AMERICAN AIRLINES GRP (EUR), US02376R1023,Yes, Xetra
"AMERICAN WATER WKS DL-,01 (EUR)", US0304201033,Yes, Xetra
"AMGEN INC. DL-,0001 (EUR)", US0311621009,Yes, Xetra
"AMPHENOL CORP. A DL-,001 (EUR)", US0320951017,Yes, Xetra
"AMUNDI S.A. EO 2,50 (EUR)", FR0004125920,Yes, Xetra
ANDRITZ AG (EUR), AT0000730007,Yes, Xetra
"ANGLO AMERICAN DL-,54945 (EUR)", GB00B1XZS820,Yes, Xetra
ANHEUSER-BUSCH INBEV (EUR), BE0974293251,Yes, Xetra
"APA CORP. DL -,625 (EUR)", US03743Q1085,Yes, Xetra
APONTIS PHARM. AG INH ON (EUR), DE000A3CMGM5,Yes, Xetra
APPLE INC. (EUR), US0378331005,Yes, Xetra
APPLIED MATERIALS INC. (EUR), US0382221051,Yes, Xetra
"ARBONIA AG NA.SF4,20 (EUR)", CH0110240600,Yes, Xetra
ARCELORMITTAL S.A. NOUV. (EUR), LU1598757687,Yes, Xetra
ARCHER DANIELS MIDLAND (EUR), US0394831020,Yes, Xetra
"AROUNDTOWN EO-,01 (EUR)", LU1673108939,Yes, Xetra
ARTEC TECHNOLOGIES O.N. (EUR), DE0005209589,Yes, Xetra
ARTNET AG NA O.N. (EUR), DE000A1K0375,Yes, Xetra
"ASM INTL N.V. EO-,04 (EUR)", NL0000334118,Yes, Xetra
ASMALLWORLD AG SF 1 (EUR), CH0404880129,Yes, Xetra
"ASML HOLDING EO -,09 (EUR)", NL0010273215,Yes, Xetra
"ASTRAZENECA PLC DL-,25 (EUR)", GB0009895292,Yes, Xetra
AT + T INC. DL 1 (EUR), US00206R1023,Yes, Xetra
AT+S AUSTR.T.+SYSTEMT. (EUR), AT0000969985,Yes, Xetra
ATAI LIFE SCIENCES BV EO1 (EUR), NL0015000DX5,Yes, Xetra
"ATI INC. DL-,01 (EUR)", US01741R1023,Yes, Xetra
ATOS SE NOM. EO 1 (EUR), FR0000051732,Yes, Xetra
ATOSS SOFTWARE AG (EUR), DE0005104400,Yes, Xetra
AUDIUS SE INH O.N. (EUR), NL0006129074,Yes, Xetra
AUMANN AG INH O.N. (EUR), DE000A2DAM03,Yes, Xetra
AURELIUS EQ.OPP. O.N. (EUR), DE000A0JK2A8,Yes, Xetra
AURUBIS AG (EUR), DE0006766504,Yes, Xetra
AUTO1 GROUP SE INH O.N. (EUR), DE000A2LQ884,Yes, Xetra
"AUTOM. DATA PROC. DL -,10 (EUR)", US0530151036,Yes, Xetra
AVEMIO AG INH O.N. (EUR), DE000A2LQ1P6,Yes, Xetra
"AXA S.A. INH. EO 2,29 (EUR)", FR0000120628,Yes, Xetra
B+S BANKSYSTEME AG O.N. (EUR), DE0001262152,Yes, Xetra
BAADER BANK AG (EUR), DE0005088108,Yes, Xetra
"BAE SYSTEMS PLC LS-,025 (EUR)", GB0002634946,Yes, Xetra
BAKER HUGHES CO. (EUR), US05722G1004,Yes, Xetra
BALLARD PWR SYS (EUR), CA0585861085,Yes, Xetra
"BANK AMERICA DL 0,01 (EUR)", US0605051046,Yes, Xetra
"BARCLAYS PLC LS 0,25 (EUR)", GB0031348658,Yes, Xetra
BARRICK GOLD CORP. (EUR), CA0679011084,Yes, Xetra
BASF SE NA O.N. (EUR), DE000BASF111,Yes, Xetra
BASLER AG O.N. (EUR), DE0005102008,Yes, Xetra
BASTEI LUEBBE AG O.N. (EUR), DE000A1X3YY0,Yes, Xetra
BAUER AG (EUR), DE0005168108,Yes, Xetra
BAVARIA INDS GRP O.N. (EUR), DE0002605557,Yes, Xetra
BAVARIAN NOR NAM. DK 10 (EUR), DK0015998017,Yes, Xetra
BAWAG GROUP AG (EUR), AT0000BAWAG2,Yes, Xetra
BAY.MOTOREN WERKE VZO (EUR), DE0005190037,Yes, Xetra
BAY.MOTOREN WERKE AG ST (EUR), DE0005190003,Yes, Xetra
BAYER AG NA O.N. (EUR), DE000BAY0017,Yes, Xetra
BAYWA AG NA O.N. (EUR), DE0005194005,Yes, Xetra
BAYWA AG VINK.NA. O.N. (EUR), DE0005194062,Yes, Xetra
"BB BIOTECH NAM. SF 0,20 (EUR)", CH0038389992,Yes, Xetra
BCO BIL.VIZ.ARG.NOM.EO-49 (EUR), ES0113211835,Yes, Xetra
"BCO SANTANDER N.EO0,5 (EUR)", ES0113900J37,Yes, Xetra
"BE SEMICON.INDSINH.EO-,01 (EUR)", NL0012866412,Yes, Xetra
"BEACONSMIND AG SF -,10 (EUR)", CH0451123589,Yes, Xetra
BECHTLE AG O.N. (EUR), DE0005158703,Yes, Xetra
"BECTON, DICKINSON DL 1 (EUR)", US0758871091,Yes, Xetra
BEFESA S.A. ORD. O.N. (EUR), LU1704650164,Yes, Xetra
BEIERSDORF AG O.N. (EUR), DE0005200000,Yes, Xetra
BERENTZEN-GRP.AG (EUR), DE0005201602,Yes, Xetra
"BERKSH. H.B NEW DL-,00333 (EUR)", US0846707026,Yes, Xetra
BERTRANDT AG O.N. (EUR), DE0005232805,Yes, Xetra
BET-AT-HOME.COM AG O.N. (EUR), DE000A0DNAY5,Yes, Xetra
BEYOND MEAT INC. (EUR), US08862E1091,Yes, Xetra
BIJOU BRIGITTE O.N. (EUR), DE0005229504,Yes, Xetra
BIKE24 HLDG O.N. (EUR), DE000A3CQ7F4,Yes, Xetra
BILFINGER SE O.N. (EUR), DE0005909006,Yes, Xetra
BINECT AG INH O.N. (EUR), DE000A3H2135,Yes, Xetra
BIO-GATE AG O.N. (EUR), DE000BGAG981,Yes, Xetra
BIOFRONTERA AG NA O.N. (EUR), DE0006046113,Yes, Xetra
"BIOGEN INC. DL -,0005 (EUR)", US09062X1037,Yes, Xetra
"BIOMARIN PHAR. DL-,001 (EUR)", US09061G1013,Yes, Xetra
BIONTECH SE SPON. ADRS 1 (EUR), US09075V1026,Yes, Xetra
BIONXT SOLUTIONS INC. (EUR), CA0909741062,Yes, Xetra
BIOTEST AG ST O.N. (EUR), DE0005227201,Yes, Xetra
BIOTEST AG VZ O.N. (EUR), DE0005227235,Yes, Xetra
BIOXXMED AG INH O.N. (EUR), DE000A0KFRJ1,Yes, Xetra
BITCOIN GROUP SE O.N. (EUR), DE000A1TNV91,Yes, Xetra
"BK N.Y. MELLON DL -,01 (EUR)", US0640581007,Yes, Xetra
BK OF IRELD GRP EO 1 (EUR), IE00BD1RP616,Yes, Xetra
"BLACKROCK CL. A DL -,01 (EUR)", US09247X1019,Yes, Xetra
BLOCK INC. A (EUR), US8522341036,Yes, Xetra
"BLOOM ENERGY A DL-,0001 (EUR)", US0937121079,Yes, Xetra
BLUE CAP O.N. (EUR), DE000A0JM2M1,Yes, Xetra
BNP PARIBAS INH. EO 2 (EUR), FR0000131104,Yes, Xetra
BOEING CO. DL 5 (EUR), US0970231058,Yes, Xetra
"BOOKING HLDGS DL-,008 (EUR)", US09857L1089,Yes, Xetra
"BORGWARNER INC. DL-,01 (EUR)", US0997241064,Yes, Xetra
BORUSSIA DORTMUND (EUR), DE0005493092,Yes, Xetra
"BOSTON SCIENTIFIC DL-,01 (EUR)", US1011371077,Yes, Xetra
"BP PLC DL-,25 (EUR)", GB0007980591,Yes, Xetra
BRAIN BIOTEC NA O.N. (EUR), DE0005203947,Yes, Xetra
BRENNTAG SE NA O.N. (EUR), DE000A1DAHH0,Yes, Xetra
"BRIGHTHOUSE FINANC.DL-,01 (EUR)", US10922N1037,Yes, Xetra
BRISTOL-MYERS SQUIBBDL-10 (EUR), US1101221083,Yes, Xetra
"BRIT.AMER.TOBACCO LS-,25 (EUR)", GB0002875804,Yes, Xetra
"BROADCOM INC. DL-,001 (EUR)", US11135F1012,Yes, Xetra
BROCKHAUS TECHN. NA O.N. (EUR), DE000A2GSU42,Yes, Xetra
"C3 AI INC. CL.A DL -,001 (EUR)", US12468P1049,Yes, Xetra
"CAMPBELL SOUP CO.DL-,0375 (EUR)", US1344291091,Yes, Xetra
CANCOM SE O.N. (EUR), DE0005419105,Yes, Xetra
CANNOVUM CANNABIS INH ON (EUR), DE000A2LQU21,Yes, Xetra
CANTOURAGE GROUP SE O.N. (EUR), DE000A3DSV01,Yes, Xetra
CAPGEMINI SE INH. EO 8 (EUR), FR0000125338,Yes, Xetra
"CAPITAL ONE FINL DL-,01 (EUR)", US14040H1059,Yes, Xetra
CAPSENSIXX AG INH O.N. (EUR), DE000A2G9M17,Yes, Xetra
CARL ZEISS MEDITEC AG (EUR), DE0005313704,Yes, Xetra
"CARNIVAL PLC DL 1,66 (EUR)", GB0031215220,Yes, Xetra
"CARREFOUR S.A. INH.EO 2,5 (EUR)", FR0000120172,Yes, Xetra
"CARRIER GLBL CORP DL-,01 (EUR)", US14448C1045,Yes, Xetra
CATERPILLAR INC. DL 1 (EUR), US1491231015,Yes, Xetra
CECONOMY AG INH O.N. (EUR), DE0007257503,Yes, Xetra
CENIT AG O.N. (EUR), DE0005407100,Yes, Xetra
CEOTRONICS AG O.N. (EUR), DE0005407407,Yes, Xetra
"CERENCE INC. DL-,001 (EUR)", US1567271093,Yes, Xetra
CEWE STIFT.KGAA O.N. (EUR), DE0005403901,Yes, Xetra
CHARLES SCHWAB CORP.DL-01 (EUR), US8085131055,Yes, Xetra
"CHEGG INC. DL -,001 (EUR)", US1630921096,Yes, Xetra
CHERRY SE O.N. (EUR), DE000A3CRRN9,Yes, Xetra
"CHEVRON CORP. DL-,75 (EUR)", US1667641005,Yes, Xetra
"CHIPOTLE MEX.GR. DL -,01 (EUR)", US1696561059,Yes, Xetra
CHRISTIAN DIOR INH. EO 2 (EUR), FR0000130403,Yes, Xetra
"CIENA CORP. NEW DL-,01 (EUR)", US1717793095,Yes, Xetra
"CIGNA GROUP, THE DL 1 (EUR)", US1255231003,Yes, Xetra
"CISCO SYSTEMS DL-,001 (EUR)", US17275R1023,Yes, Xetra
"CITIGROUP INC. DL -,01 (EUR)", US1729674242,Yes, Xetra
CLEARVISE AG INH O.N. (EUR), DE000A1EWXA4,Yes, Xetra
"CLEVELAND-CLIFFS DL-,125 (EUR)", US1858991011,Yes, Xetra
CLIQ DIGITAL AG O.N. (EUR), DE000A0HHJR3,Yes, Xetra
"CME GROUP INC. DL-,01 (EUR)", US12572Q1058,Yes, Xetra
"COCA-COLA CO. DL-,25 (EUR)", US1912161007,Yes, Xetra
"COEUR MINING DL -,01 (EUR)", US1921085049,Yes, Xetra
"COINBASE GLB.CL.A -,00001 (EUR)", US19260Q1076,Yes, Xetra
COLGATE-PALMOLIVE DL 1 (EUR), US1941621039,Yes, Xetra
COLOPLAST NAM. B DK 1 (EUR), DK0060448595,Yes, Xetra
"COMCAST CORP. A DL-,01 (EUR)", US20030N1019,Yes, Xetra
"COMMERCIAL METALS DL-,01 (EUR)", US2017231034,Yes, Xetra
COMMERZBANK AG (EUR), DE000CBK1001,Yes, Xetra
"COMPASS GROUP LS-,1105 (EUR)", GB00BD6K4575,Yes, Xetra
COMPUGROUP MED. NA O.N. (EUR), DE000A288904,Yes, Xetra
"CONOCOPHILLIPS DL-,01 (EUR)", US20825C1045,Yes, Xetra
CONSOLIDATED EDISON (EUR), US2091151041,Yes, Xetra
CONTINENTAL AG O.N. (EUR), DE0005439004,Yes, Xetra
COREO AG O.N. (EUR), DE000A0B9VV6,Yes, Xetra
"CORESTATE CAPITAL EO-,075 (EUR)", LU1296758029,Yes, Xetra
"CORNING INC. DL -,50 (EUR)", US2193501051,Yes, Xetra
"CORTEVA INC. DL -,01 (EUR)", US22052L1044,Yes, Xetra
"COSMO PHARMACEUT. EO-,26 (EUR)", NL0011832936,Yes, Xetra
"COSTCO WHOLESALE DL-,005 (EUR)", US22160K1051,Yes, Xetra
"COTERRA ENERGY INC.DL-,10 (EUR)", US1270971039,Yes, Xetra
"COTY INC.CL.A DL -,01 (EUR)", US2220702037,Yes, Xetra
COVESTRO AG O.N. (EUR), DE0006062144,Yes, Xetra
"CPI PROPERTY GRP EO-,10 (EUR)", LU0251710041,Yes, Xetra
CR CAPITAL AG INH O.N. (EUR), DE000A2GS625,Yes, Xetra
CREDIT AGRICOLE INH. EO 3 (EUR), FR0000045072,Yes, Xetra
CREDITSHELF AG IA O.N. (EUR), DE000A2LQUA5,Yes, Xetra
CROPENERGIES AG (EUR), DE000A0LAUP1,Yes, Xetra
CSX CORP. DL 1 (EUR), US1264081035,Yes, Xetra
CTS EVENTIM KGAA (EUR), DE0005470306,Yes, Xetra
"CUMMINS INC. DL 2,50 (EUR)", US2310211063,Yes, Xetra
CUREVAC N.V. O.N. (EUR), NL0015436031,Yes, Xetra
"CVS HEALTH CORP. DL-,01 (EUR)", US1266501006,Yes, Xetra
CYAN AG INH O.N. (EUR), DE000A2E4SV8,Yes, Xetra
DAIMLER TRUCK HLDG NA ON (EUR), DE000DTR0CK8,Yes, Xetra
DALDRUP+SOEHNE AG (EUR), DE0007830572,Yes, Xetra
"DANAHER CORP. DL-,01 (EUR)", US2358511028,Yes, Xetra
"DANONE S.A. EO -,25 (EUR)", FR0000120644,Yes, Xetra
DATA MODUL AG O.N. (EUR), DE0005498901,Yes, Xetra
"DATADOG INC. A DL-,00001 (EUR)", US23804L1035,Yes, Xetra
DATAGROUP SE INH. O.N. (EUR), DE000A0JC8S7,Yes, Xetra
DATRON AG INH.O.N. (EUR), DE000A0V9LA7,Yes, Xetra
DEERE CO. DL 1 (EUR), US2441991054,Yes, Xetra
DEFAMA AG (EUR), DE000A13SUL5,Yes, Xetra
DELIGNIT AG INH.O.N. (EUR), DE000A0MZ4B0,Yes, Xetra
DELIVERY HERO SE NA NEUE (EUR), DE000A2GSYP1,Yes, Xetra
DELIVERY HERO SE NA O.N. (EUR), DE000A2E4K43,Yes, Xetra
"DELL TECHS INC. C DL-,01 (EUR)", US24703L2025,Yes, Xetra
DELTICOM AG NA O.N. (EUR), DE0005146807,Yes, Xetra
DEMIRE DT.MTS.RE AG (EUR), DE000A0XFSF0,Yes, Xetra
"DENTSPLY SIRONA DL-,01 (EUR)", US24906P1093,Yes, Xetra
DERMAPHARM HLDG INH O.N. (EUR), DE000A2GS5D8,Yes, Xetra
DEUTSCHE BANK AG NA O.N. (EUR), DE0005140008,Yes, Xetra
DEUTSCHE BOERSE NA O.N. (EUR), DE0005810055,Yes, Xetra
DEUTSCHE EUROSHOP NA O.N. (EUR), DE0007480204,Yes, Xetra
DEUTSCHE POST AG NA O.N. (EUR), DE0005552004,Yes, Xetra
DEUTSCHE WOHNEN SE INH (EUR), DE000A0HN5C6,Yes, Xetra
DEUTZ AG O.N. (EUR), DE0006305006,Yes, Xetra
"DEVON ENERGY CORP. DL-,10 (EUR)", US25179M1036,Yes, Xetra
"DEXCOM INC. DL-,001 (EUR)", US2521311074,Yes, Xetra
DF DT.FORFAIT AG NA O.N. (EUR), DE000A2AA204,Yes, Xetra
DFV DT.FAMIL.VERS. O.N. (EUR), DE000A2NBVD5,Yes, Xetra
"DIAGEO PLC LS-,28935185 (EUR)", GB0002374006,Yes, Xetra
"DIAMONDBACK ENERGY DL-,01 (EUR)", US25278X1090,Yes, Xetra
DIC ASSET AG NA O.N. (EUR), DE000A1X3XX4,Yes, Xetra
"DICK'S SPORTING DL-,01 (EUR)", US2533931026,Yes, Xetra
DIERIG HOLDING AG O.N. (EUR), DE0005580005,Yes, Xetra
DISCOVER FINL SRVCS DL-01 (EUR), US2547091080,Yes, Xetra
DISNEY (WALT) CO. (EUR), US2546871060,Yes, Xetra
DMG MORI AG O.N. (EUR), DE0005878003,Yes, Xetra
DOCCHECK AG NA O.N. (EUR), DE000A1A6WE6,Yes, Xetra
"DOLLAR GENER.CORP.DL-,875 (EUR)", US2566771059,Yes, Xetra
"DOLLAR TREE INC. DL-,01 (EUR)", US2567461080,Yes, Xetra
"DOW INC. DL-,01 (EUR)", US2605571031,Yes, Xetra
DR. HOENLE AG O.N. (EUR), DE0005157101,Yes, Xetra
DR.ING.H.C.F.PORSCHE VZOI (EUR), DE000PAG9113,Yes, Xetra
DRAEGERWERK ST.A.O.N. (EUR), DE0005550602,Yes, Xetra
DRAEGERWERK VZO O.N. (EUR), DE0005550636,Yes, Xetra
DROPBOX INC CL. A (EUR), US26210C1045,Yes, Xetra
DT.BETEILIG.AG NA O.N. (EUR), DE000A1TNUT7,Yes, Xetra
DT.EFF.U.WECH.-BET.G.O.N. (EUR), DE0008041005,Yes, Xetra
DT.EIGENHEIM UNION INH ON (EUR), DE000A0STWH9,Yes, Xetra
DT.GRUNDST.AUKT.AG (EUR), DE0005533400,Yes, Xetra
DT.KONSUM REIT-AG (EUR), DE000A14KRD3,Yes, Xetra
DT.PFANDBRIEFBK AG (EUR), DE0008019001,Yes, Xetra
DT.ROHSTOFF AG NA O.N. (EUR), DE000A0XYG76,Yes, Xetra
DT.TELEKOM AG NA (EUR), DE0005557508,Yes, Xetra
DUERR AG O.N. (EUR), DE0005565204,Yes, Xetra
DUPONT DE NEMOURS INC. ON (EUR), US26614N1028,Yes, Xetra
DWS GROUP GMBH+CO.KGAA ON (EUR), DE000DWS1007,Yes, Xetra
"DXC TECHNOLOGY CO. DL-,01 (EUR)", US23355L1061,Yes, Xetra
E.ON SE NA O.N. (EUR), DE000ENAG999,Yes, Xetra
"EASYJET PLC LS-,27285714 (EUR)", GB00B7KR2P84,Yes, Xetra
"EASYMOTIONSKIN TEC SF-,1 (EUR)", LI1147158318,Yes, Xetra
"EBAY INC. DL-,001 (EUR)", US2786421030,Yes, Xetra
ECKERT+ZIEGLER AG O.N. (EUR), DE0005659700,Yes, Xetra
ECOTEL COMMUNICATION AG (EUR), DE0005854343,Yes, Xetra
"EDAG ENGINEERING G.SF-,04 (EUR)", CH0303692047,Yes, Xetra
EDEL SE+CO.KGAA INH O.N. (EUR), DE0005649503,Yes, Xetra
EDISON INTL (EUR), US2810201077,Yes, Xetra
EDWARDS LIFESCIENCES (EUR), US28176E1082,Yes, Xetra
EINHELL GERMANY VZO O.N. (EUR), DE0005654933,Yes, Xetra
EKOTECHNIKA AG A O.N. (EUR), DE000A161234,Yes, Xetra
"EL. ARTS INC. DL-,01 (EUR)", US2855121099,Yes, Xetra
"ELEVANCE HEALTH DL-,01 (EUR)", US0367521038,Yes, Xetra
ELEXXION AG (EUR), DE000A0KFKH0,Yes, Xetra
ELI LILLY (EUR), US5324571083,Yes, Xetra
ELMOS SEMICOND. INH O.N. (EUR), DE0005677108,Yes, Xetra
ELRINGKLINGER AG NA O.N. (EUR), DE0007856023,Yes, Xetra
ELUMEO SE (EUR), DE000A11Q059,Yes, Xetra
"EMERSON EL. DL -,50 (EUR)", US2910111044,Yes, Xetra
ENAPTER AG INH O.N. (EUR), DE000A255G02,Yes, Xetra
ENBW ENERGIE BAD.-WUE. ON (EUR), DE0005220008,Yes, Xetra
ENCAVIS AG INH. O.N. (EUR), DE0006095003,Yes, Xetra
"ENDESA INH. EO 1,20 (EUR)", ES0130670112,Yes, Xetra
ENEL S.P.A. EO 1 (EUR), IT0003128367,Yes, Xetra
ENERGIEKONTOR O.N. (EUR), DE0005313506,Yes, Xetra
ENGIE S.A. INH. EO 1 (EUR), FR0010208488,Yes, Xetra
ENI S.P.A. (EUR), IT0003132476,Yes, Xetra
"ENPHASE ENERGY INC.DL-,01 (EUR)", US29355A1079,Yes, Xetra
ENVITEC BIOGAS O.N. (EUR), DE000A0MVLS8,Yes, Xetra
"EOG RESOURCES DL-,01 (EUR)", US26875P1012,Yes, Xetra
EPIGENOMICS AG NA O.N. (EUR), DE000A32VN83,Yes, Xetra
EPTI AB AK (EUR), SE0013774668,Yes, Xetra
EQS GROUP AG NA O.N. (EUR), DE0005494165,Yes, Xetra
"EQUITABLE HLDGS DL-,01 (EUR)", US29452E1010,Yes, Xetra
"ERAMET SA INH. EO 3,05 (EUR)", FR0000131757,Yes, Xetra
ERICSSON A (FRIA) (EUR), SE0000108649,Yes, Xetra
ERICSSON B (FRIA) (EUR), SE0000108656,Yes, Xetra
ERLEBNIS AKADEMIE AG (EUR), DE0001644565,Yes, Xetra
ERNST RUSS AG NA O.N. (EUR), DE000A161077,Yes, Xetra
ERSTE GROUP BNK INH. O.N. (EUR), AT0000652011,Yes, Xetra
ERWE IMMOB. AG INH O.N. (EUR), DE000A1X3WX6,Yes, Xetra
"ESSILORLUXO. INH. EO -,18 (EUR)", FR0000121667,Yes, Xetra
"ESTEE LAUDER COS A DL-,01 (EUR)", US5184391044,Yes, Xetra
"ETSY INC. DL-,001 (EUR)", US29786A1060,Yes, Xetra
"EUROFINS SCI.INH.EO 0,01 (EUR)", FR0014000MR3,Yes, Xetra
EUTELSAT COMMS EO 1 (EUR), FR0010221234,Yes, Xetra
EV DIGITAL INVEST INH.AKT (EUR), DE000A3DD6W5,Yes, Xetra
EVONIK INDUSTRIES NA O.N. (EUR), DE000EVNK013,Yes, Xetra
EVOTEC SE INH O.N. (EUR), DE0005664809,Yes, Xetra
EXASOL AG NA O.N. (EUR), DE000A0LR9G9,Yes, Xetra
EXCEET GROUP SCA RED. A (EUR), LU0472835155,Yes, Xetra
EXELON CORP. (EUR), US30161N1019,Yes, Xetra
EXOR N.V. (EUR), NL0012059018,Yes, Xetra
"EXPEDIA GRP INC. DL-,0001 (EUR)", US30212P3038,Yes, Xetra
EXXON MOBIL CORP. (EUR), US30231G1022,Yes, Xetra
FABASOFT AG (EUR), AT0000785407,Yes, Xetra
FACC AG INH.AKT. (EUR), AT00000FACC2,Yes, Xetra
FASHIONETTE AG O.N. (EUR), DE000A2QEFA1,Yes, Xetra
FAST FIN 24 HLDG INH O.N. (EUR), DE000A1PG508,Yes, Xetra
"FASTENAL CO. DL-,01 (EUR)", US3119001044,Yes, Xetra
FCR IMMOBILIEN AG NA O.N. (EUR), DE000A1YC913,Yes, Xetra
"FEDEX CORP. DL-,10 (EUR)", US31428X1063,Yes, Xetra
FERRARI N.V. (EUR), NL0011585146,Yes, Xetra
FIELMANN AG O.N. (EUR), DE0005772206,Yes, Xetra
FINLAB AG NA O.N. (EUR), DE0001218063,Yes, Xetra
FIRST MAJESTIC SILVER (EUR), CA32076V1031,Yes, Xetra
FIRST SENSOR AG O.N. (EUR), DE0007201907,Yes, Xetra
"FIRST SOLAR INC. D -,001 (EUR)", US3364331070,Yes, Xetra
"FIRST TIN PLC LS-,001 (EUR)", GB00BNR45554,Yes, Xetra
FLATEXDEGIRO AG NA O.N. (EUR), DE000FTG1111,Yes, Xetra
"FORD MOTOR DL-,01 (EUR)", US3453708600,Yes, Xetra
FORIS AG (EUR), DE0005775803,Yes, Xetra
FORMYCON AG (EUR), DE000A1EWVY8,Yes, Xetra
FORTEC ELEKTRO. O.N. (EUR), DE0005774103,Yes, Xetra
FORVIA SE INH EO 7 (EUR), FR0000121147,Yes, Xetra
FR.VORWERK GRP SE INH ON (EUR), DE000A255F11,Yes, Xetra
FRANCOTYP-POSTALIA HLDG (EUR), DE000FPH9000,Yes, Xetra
FRAPORT AG FFM.AIRPORT (EUR), DE0005773303,Yes, Xetra
FREENET AG NA O.N. (EUR), DE000A0Z2ZZ5,Yes, Xetra
FREEPORT-MCMORAN INC. (EUR), US35671D8570,Yes, Xetra
FREQUENTIS AG (EUR), ATFREQUENT09,Yes, Xetra
FRESEN.MED.CARE KGAA O.N. (EUR), DE0005785802,Yes, Xetra
FRESENIUS SE+CO.KGAA O.N. (EUR), DE0005785604,Yes, Xetra
FRIWO AG O.N. (EUR), DE0006201106,Yes, Xetra
FUCHS PETROLUB NA ST O.N. (EUR), DE000A3E5D56,Yes, Xetra
FUCHS PETROLUB VZO NA ON (EUR), DE000A3E5D64,Yes, Xetra
"FUELCELL ENERGY DL-,0001 (EUR)", US35952H6018,Yes, Xetra
GAMESTOP CORP. A (EUR), US36467W1099,Yes, Xetra
"GAP INC. DL-,05 (EUR)", US3647601083,Yes, Xetra
GATEWAY R.EST.AG O.N. (EUR), DE000A0JJTG7,Yes, Xetra
GBS SOFTWARE AG INH O.N. (EUR), DE000A3MQR99,Yes, Xetra
GEA GROUP AG (EUR), DE0006602006,Yes, Xetra
"GEN DIGITAL INC. DL-,01 (EUR)", US6687711084,Yes, Xetra
"GENERAL MOTORS DL-,01 (EUR)", US37045V1008,Yes, Xetra
GENERALI (EUR), IT0000062072,Yes, Xetra
GENL DYNAMICS CORP. DL 1 (EUR), US3695501086,Yes, Xetra
"GENL EL. CO. DL -,06 (EUR)", US3696043013,Yes, Xetra
"GENL MILLS DL -,10 (EUR)", US3703341046,Yes, Xetra
GERATHERM O.N. (EUR), DE0005495626,Yes, Xetra
GERRESHEIMER AG (EUR), DE000A0LD6E6,Yes, Xetra
GERRY WEBER INTL INH O.N. (EUR), DE000A255G36,Yes, Xetra
GESCO SE NA O.N. (EUR), DE000A1K0201,Yes, Xetra
GFT TECHNOLOGIES SE (EUR), DE0005800601,Yes, Xetra
GIEAG IMMOB.AG (EUR), DE0005492276,Yes, Xetra
GIGASET AG O.N. (EUR), DE0005156004,Yes, Xetra
"GILEAD SCIENCES DL-,001 (EUR)", US3755581036,Yes, Xetra
GK SOFTWARE INH O.N. (EUR), DE0007571424,Yes, Xetra
"GLOBAL FASHION GRP EO-,01 (EUR)", LU2010095458,Yes, Xetra
GLOBAL PAYMENTS INC. (EUR), US37940X1028,Yes, Xetra
GOING PUBLIC MEDIA NA ON (EUR), DE0007612103,Yes, Xetra
GOLDMAN SACHS GRP INC. (EUR), US38141G1040,Yes, Xetra
GOODYEAR TIRE RUBBER (EUR), US3825501014,Yes, Xetra
"GOPRO INC. A DL -,0001 (EUR)", US38268T1034,Yes, Xetra
GORE GERM.OFF.R.E. NA ON (EUR), DE000A0Z26C8,Yes, Xetra
GRAMMER AG O.N. (EUR), DE0005895403,Yes, Xetra
"GRAND CITY PROPERT.EO-,10 (EUR)", LU0775917882,Yes, Xetra
GRENKE AG NA O.N. (EUR), DE000A161N30,Yes, Xetra
GROUNDS R.EST. NA O.N. (EUR), DE000A2GSVV5,Yes, Xetra
"GROUPON INC. DL-,0001 (EUR)", US3994732069,Yes, Xetra
"GSK PLC LS-,3125 (EUR)", GB00BN7SWP63,Yes, Xetra
H+R KGAA INH. O.N. (EUR), DE000A2E4T77,Yes, Xetra
HAEMATO AG INH O.N. (EUR), DE000A289VV1,Yes, Xetra
HAIER SMART HOME CO.D YC1 (EUR), CNE1000031C1,Yes, Xetra
"HALEON PLC LS 0,01 (EUR)", GB00BMX86B70,Yes, Xetra
"HALLIBURTON CO. DL 2,50 (EUR)", US4062161017,Yes, Xetra
HAMBORNER REIT AG NA O.N. (EUR), DE000A3H2333,Yes, Xetra
HAMBURG.HAFEN LOG.A-SP NA (EUR), DE000A0S8488,Yes, Xetra
HANNOVER RUECK SE NA O.N. (EUR), DE0008402215,Yes, Xetra
HANSEYACHTS O.N. (EUR), DE000A0KF6M8,Yes, Xetra
HAPAG-LLOYD AG NA O.N. (EUR), DE000HLAG475,Yes, Xetra
"HARLEY-DAVID.INC. DL -,01 (EUR)", US4128221086,Yes, Xetra
HAWESKO HOLDING INH O.N. (EUR), DE0006042708,Yes, Xetra
"HECLA MNG DL-,25 (EUR)", US4227041062,Yes, Xetra
HEIDEL.BETEIL.HLDG O.N. (EUR), DE000A254294,Yes, Xetra
HEIDELBERG MATERIALS O.N. (EUR), DE0006047004,Yes, Xetra
HEIDELBERG PHARMA AG O.N. (EUR), DE000A11QVV0,Yes, Xetra
HEIDELBERG.DRUCKMA.O.N. (EUR), DE0007314007,Yes, Xetra
HELIAD EQ.PARTN. NA O.N. (EUR), DE000A0L1NN5,Yes, Xetra
HELLA GMBH+CO. KGAA O.N. (EUR), DE000A13SX22,Yes, Xetra
HELLOFRESH SE INH O.N. (EUR), DE000A161408,Yes, Xetra
HELMA EIGENHEIMBAU AG (EUR), DE000A0EQ578,Yes, Xetra
HENKEL AG+CO.KGAA ST O.N. (EUR), DE0006048408,Yes, Xetra
HENKEL AG+CO.KGAA VZO (EUR), DE0006048432,Yes, Xetra
HENNES + MAURITZ B SK-125 (EUR), SE0000106270,Yes, Xetra
"HENRY SCHEIN INC. DL-,01 (EUR)", US8064071025,Yes, Xetra
HENSOLDT AG INH O.N. (EUR), DE000HAG0005,Yes, Xetra
HERMES INTERNATIONAL O.N. (EUR), FR0000052292,Yes, Xetra
HERSHEY CO. DL 1 (EUR), US4278661081,Yes, Xetra
HESS CORP. DL 1 (EUR), US42809H1077,Yes, Xetra
HEWLETT PACKARD ENT. (EUR), US42824C1099,Yes, Xetra
HGEARS AG INH O.N. (EUR), DE000A3CMGN3,Yes, Xetra
HIGHL.EVENT A.ENT.INH.SF9 (EUR), CH0003583256,Yes, Xetra
HIGHLIGHT CMNCTS INH.SF 1 (EUR), CH0006539198,Yes, Xetra
"HILTON WORLD.HDGS DL -,01 (EUR)", US43300A2033,Yes, Xetra
HMS BERGBAU AG (EUR), DE0006061104,Yes, Xetra
HOCHTIEF AG (EUR), DE0006070006,Yes, Xetra
"HOME DEPOT INC. DL-,05 (EUR)", US4370761029,Yes, Xetra
HOME24 SE INH O.N. (EUR), DE000A14KEB5,Yes, Xetra
HOMES+HOLIDAY AG NA O.N. (EUR), DE000A3E5E63,Yes, Xetra
HOMETOGO SE EO 1 (EUR), LU2290523658,Yes, Xetra
HONEYWELL INTL DL1 (EUR), US4385161066,Yes, Xetra
HORNBACH HOLD.ST O.N. (EUR), DE0006083405,Yes, Xetra
"HOWMET AEROSPACE DL-,01 (EUR)", US4432011082,Yes, Xetra
"HP INC DL -,01 (EUR)", US40434L1052,Yes, Xetra
"HSBC HLDGS PLC DL-,50 (EUR)", GB0005405286,Yes, Xetra
"HUBSPOT INC. DL-,001 (EUR)", US4435731009,Yes, Xetra
HUGO BOSS AG NA O.N. (EUR), DE000A1PHFF7,Yes, Xetra
"HUNTINGTON BANCSHS DL-,01 (EUR)", US4461501045,Yes, Xetra
HWA AG INH.O.N. (EUR), DE000A0LR4P1,Yes, Xetra
HYPOPORT SE NA O.N. (EUR), DE0005493365,Yes, Xetra
"IBERDROLA INH. EO -,75 (EUR)", ES0144580Y14,Yes, Xetra
IBU-TEC ADV.MATER. INH.ON (EUR), DE000A0XYHT5,Yes, Xetra
"IDEXX LABS INC. DL-,10 (EUR)", US45168D1046,Yes, Xetra
IFA SYSTEMS AG (EUR), DE0007830788,Yes, Xetra
IGP ADVANTAG AG EO 1 (EUR), DE000A1EWVR2,Yes, Xetra
ILL. TOOL WKS (EUR), US4523081093,Yes, Xetra
"ILLUMINA INC. DL-,01 (EUR)", US4523271090,Yes, Xetra
IMPERIAL BRANDS PLC LS-10 (EUR), GB0004544929,Yes, Xetra
INCITY IMMOBILIEN O.N. (EUR), DE000A0HNF96,Yes, Xetra
"INDITEX INH. EO 0,03 (EUR)", ES0148396007,Yes, Xetra
INDUS HOLDING AG (EUR), DE0006200108,Yes, Xetra
INFINEON TECH.AG NA O.N. (EUR), DE0006231004,Yes, Xetra
"ING GROEP NV EO -,01 (EUR)", NL0011821202,Yes, Xetra
INIT INNOVATION O.N. (EUR), DE0005759807,Yes, Xetra
INSTONE REAL EST.GRP O.N. (EUR), DE000A2NBX80,Yes, Xetra
"INTEL CORP. DL-,001 (EUR)", US4581401001,Yes, Xetra
INTERCONTINENTAL EXCH.INC (EUR), US45866F1049,Yes, Xetra
INTERN.CONS.AIRL.GR. (EUR), ES0177542018,Yes, Xetra
INTERSHOP COMM. INH O.N. (EUR), DE000A254211,Yes, Xetra
INTERTAINMENT AG INH O.N. (EUR), DE0006223605,Yes, Xetra
INTESA SANPAOLO (EUR), IT0000072618,Yes, Xetra
INTICA SYSTEMS INH O.N. (EUR), DE0005874846,Yes, Xetra
"INTL BUS. MACH. DL-,20 (EUR)", US4592001014,Yes, Xetra
INTL PAPER DL 1 (EUR), US4601461035,Yes, Xetra
"INTUIT INC. DL-,01 (EUR)", US4612021034,Yes, Xetra
"INTUITIVE SURGIC. DL-,001 (EUR)", US46120E6023,Yes, Xetra
INVISION AG (EUR), DE0005859698,Yes, Xetra
IONOS GROUP SE NA O.N. (EUR), DE000A3E00M1,Yes, Xetra
IQ INTERNATIONAL AG (EUR), CH0563815429,Yes, Xetra
"IQ INTL AG SF-,01 (EUR)", CH0451424300,Yes, Xetra
"IROBOT CORP. DL-,01 (EUR)", US4627261005,Yes, Xetra
"ITM POWER PLC LS-,05 (EUR)", GB00B0130H42,Yes, Xetra
IVU TRAFFIC TECHN.AG O.N. (EUR), DE0007448508,Yes, Xetra
JDC GROUP AG O.N. (EUR), DE000A0B9N37,Yes, Xetra
"JDE PEETS NV EO-,01 (EUR)", NL0014332678,Yes, Xetra
JENOPTIK AG NA O.N. (EUR), DE000A2NB601,Yes, Xetra
"JETBLUE AWYS CORP. DL-,01 (EUR)", US4771431016,Yes, Xetra
JOHNSON + JOHNSON DL 1 (EUR), US4781601046,Yes, Xetra
JOST WERKE SE INH. O.N. (EUR), DE000JST4000,Yes, Xetra
JPMORGAN CHASE DL 1 (EUR), US46625H1005,Yes, Xetra
JUNGHEINRICH AG O.N.VZO (EUR), DE0006219934,Yes, Xetra
"JUNIPER NETWORKS DL-,01 (EUR)", US48203R1041,Yes, Xetra
"JUST EAT TAKEAWAY. EO-,04 (EUR)", NL0012015705,Yes, Xetra
K+S AG NA O.N. (EUR), DE000KSAG888,Yes, Xetra
KAP AG INH O.N. (EUR), DE0006208408,Yes, Xetra
KATEK SE INH O.N. (EUR), DE000A2TSQH7,Yes, Xetra
"KELLOGG CO. DL -,25 (EUR)", US4878361082,Yes, Xetra
KERING S.A. INH. EO 4 (EUR), FR0000121485,Yes, Xetra
KEYCORP DL 1 (EUR), US4932671088,Yes, Xetra
KHD HUMBOLDT WEDAG O.N. (EUR), DE0006578008,Yes, Xetra
"KIMBERLY-CLARK DL 1,25 (EUR)", US4943681035,Yes, Xetra
"KINGFISHER LS-,157142857 (EUR)", GB0033195214,Yes, Xetra
KINROSS GOLD CORP. (EUR), CA4969024047,Yes, Xetra
KION GROUP AG (EUR), DE000KGX8881,Yes, Xetra
"KLA CORP. DL -,001 (EUR)", US4824801009,Yes, Xetra
KLASSIK RADIO AG NA O.N. (EUR), DE0007857476,Yes, Xetra
KLOECKNER + CO SE NA O.N. (EUR), DE000KC01000,Yes, Xetra
KLOECKNER + CO SE NA VERK (EUR), DE000KC01V16,Yes, Xetra
KNAUS AG INH O.N. (EUR), DE000A2YN504,Yes, Xetra
KNORR-BREMSE AG INH O.N. (EUR), DE000KBX1006,Yes, Xetra
KOENIG + BAUER AG ST O.N. (EUR), DE0007193500,Yes, Xetra
"KONINKL. PHILIPS EO -,20 (EUR)", NL0000009538,Yes, Xetra
KONTRON AG O.N (EUR), AT0000A0E9W5,Yes, Xetra
KPS AG NA O.N. (EUR), DE000A1A6V48,Yes, Xetra
"KRAFT HEINZ CO.DL -,01 (EUR)", US5007541064,Yes, Xetra
KROGER CO. DL 1 (EUR), US5010441013,Yes, Xetra
KROMI LOGISTIK INH. O.N. (EUR), DE000A0KFUJ5,Yes, Xetra
KRONES AG O.N. (EUR), DE0006335003,Yes, Xetra
KSB SE+CO.KGAA ST O.N. (EUR), DE0006292006,Yes, Xetra
KSB SE+CO.KGAA VZO O.N. (EUR), DE0006292030,Yes, Xetra
KWS SAAT KGAA INH O.N. (EUR), DE0007074007,Yes, Xetra
"L3HARRIS TECHS INC.DL-,01 (EUR)", US5024311095,Yes, Xetra
LAIQON AG INH O.N. (EUR), DE000A12UP29,Yes, Xetra
"LAM RESEARCH CORP.DL-,001 (EUR)", US5128071082,Yes, Xetra
LANG + SCHWARZ AG NA O.N. (EUR), DE000LS1LUS9,Yes, Xetra
LANXESS AG (EUR), DE0005470405,Yes, Xetra
LEARND SE EO1 (EUR), LU2358378979,Yes, Xetra
LEG IMMOBILIEN SE NA O.N. (EUR), DE000LEG1110,Yes, Xetra
"LEIDOS HOLDINGS DL-,0001 (EUR)", US5253271028,Yes, Xetra
LEIFHEIT AG O.N. (EUR), DE0006464506,Yes, Xetra
LENZING AG (EUR), AT0000644505,Yes, Xetra
LEONI AG NA O.N. (EUR), DE0005408884,Yes, Xetra
LIMES SCHLOSSKLINIK. O.N. (EUR), DE000A0JDBC7,Yes, Xetra
"LINDE PLC EO -,001 (EUR)", IE000S9YS762,Yes, Xetra
LINUS DIGITAL FINANCE AG (EUR), DE000A2QRHL6,Yes, Xetra
"LION E-MOBILITY AG SF-,13 (EUR)", CH0560888270,Yes, Xetra
"LIVE NATION ENTMT.DL -,01 (EUR)", US5380341090,Yes, Xetra
"LLOYDS BKG GRP LS-,10 (EUR)", GB0008706128,Yes, Xetra
LOCKHEED MARTIN DL 1 (EUR), US5398301094,Yes, Xetra
LOGWIN AG NAM. O.N. (EUR), LU1618151879,Yes, Xetra
LPKF LASER+ELECTR.INH ON (EUR), DE0006450000,Yes, Xetra
LS TELCOM AG (EUR), DE0005754402,Yes, Xetra
LUDW.BECK A.RATHAUSECK (EUR), DE0005199905,Yes, Xetra
LUFTHANSA AG VNA O.N. (EUR), DE0008232125,Yes, Xetra
LULULEMON ATHLETICA INC. (EUR), US5500211090,Yes, Xetra
LUMEN TECHNOLOGIES DL 1 (EUR), US5502411037,Yes, Xetra
"LUMENTUM HLDGS IN.DL-,001 (EUR)", US55024U1097,Yes, Xetra
"LVMH EO 0,3 (EUR)", FR0000121014,Yes, Xetra
"LYFT INC. CL.A -,00001 (EUR)", US55087P1049,Yes, Xetra
M1 KLINIKEN AG O.N. (EUR), DE000A0STSQ8,Yes, Xetra
"MACYS, INC. DL-,01 (EUR)", US55616P1049,Yes, Xetra
MANZ AG (EUR), DE000A0JQ5U3,Yes, Xetra
MARATHON OIL DL 1 (EUR), US5658491064,Yes, Xetra
"MARATHON PETROLEUM DL-,01 (EUR)", US56585A1025,Yes, Xetra
MARNA BETEIL.AG INH O.N. (EUR), DE000A0H1GY2,Yes, Xetra
"MARRIOTT INTL A DL-,01 (EUR)", US5719032022,Yes, Xetra
"MARVELL TECH. GRP DL-,002 (EUR)", US5738741041,Yes, Xetra
MASCO CORP. DL 1 (EUR), US5745991068,Yes, Xetra
"MASTERCARD INC.A DL-,0001 (EUR)", US57636Q1040,Yes, Xetra
MASTERFLEX O.N. (EUR), DE0005492938,Yes, Xetra
"MATCH GR.INC. NEW DL-,001 (EUR)", US57667L1070,Yes, Xetra
MATERNUS-KLI.AG O.N. (EUR), DE0006044001,Yes, Xetra
MATTEL INC. DL 1 (EUR), US5770811025,Yes, Xetra
MAX AUTOMATION SE NA O.N. (EUR), DE000A2DA588,Yes, Xetra
MAYR-MELNHOF KARTON (EUR), AT0000938204,Yes, Xetra
MBB SE O.N. (EUR), DE000A0ETBQ4,Yes, Xetra
MBH CORP. PLC EO 1 (EUR), GB00BF1GH114,Yes, Xetra
"MCDONALDS CORP. DL-,01 (EUR)", US5801351017,Yes, Xetra
MEDICLIN AG (EUR), DE0006595101,Yes, Xetra
MEDIGENE AG NA O.N. (EUR), DE000A1X3W00,Yes, Xetra
MEDION AG O.N. (EUR), DE0006605009,Yes, Xetra
MEDIOS AG O.N. (EUR), DE000A1MMCC8,Yes, Xetra
MEDIQON GROUP AG O.N. (EUR), DE0006618309,Yes, Xetra
MEDONDO HLDG AG INH O.N. (EUR), DE0008131350,Yes, Xetra
"MEDTRONIC PLC DL-,0001 (EUR)", IE00BTN1Y115,Yes, Xetra
MENSCH UND MASCH.O.N. (EUR), DE0006580806,Yes, Xetra
"MERCADOLIBRE INC. DL-,001 (EUR)", US58733R1023,Yes, Xetra
MERCEDES-BENZ GRP NA O.N. (EUR), DE0007100000,Yes, Xetra
"MERCK CO. DL-,01 (EUR)", US58933Y1055,Yes, Xetra
MERCK KGAA O.N. (EUR), DE0006599905,Yes, Xetra
MERKUR PRIV.BK INH O.N. (EUR), DE0008148206,Yes, Xetra
"META PLATF. A DL-,000006 (EUR)", US30303M1027,Yes, Xetra
META WOLF AG INH O.N. (EUR), DE000A254203,Yes, Xetra
"METLIFE INC. DL-,01 (EUR)", US59156R1086,Yes, Xetra
METRO AG ST O.N. (EUR), DE000BFB0019,Yes, Xetra
METRO AG VZO O.N. (EUR), DE000BFB0027,Yes, Xetra
METTLER-TOLEDO INTL (EUR), US5926881054,Yes, Xetra
MEVIS MEDICAL SOL.NA O.N. (EUR), DE000A0LBFE4,Yes, Xetra
MGI-MEDIA AND GAMES INV.A (EUR), SE0018538068,Yes, Xetra
"MGM RESORTS INTL DL -,01 (EUR)", US5529531015,Yes, Xetra
MHP HOTEL AG INH O.N. (EUR), DE000A3E5C24,Yes, Xetra
"MICRON TECHN. INC. DL-,10 (EUR)", US5951121038,Yes, Xetra
"MICROSOFT DL-,00000625 (EUR)", US5949181045,Yes, Xetra
"MICROVISION NEW DL -,001 (EUR)", US5949603048,Yes, Xetra
MISTER SPEX SE INH O.N. (EUR), DE000A3CSAE2,Yes, Xetra
MLP SE INH. O.N. (EUR), DE0006569908,Yes, Xetra
MOBOTIX AG O.N. (EUR), DE0005218309,Yes, Xetra
"MODERNA INC. DL-,0001 (EUR)", US60770K1079,Yes, Xetra
MONDELEZ INTL INC. A (EUR), US6092071058,Yes, Xetra
"MORGAN STANLEY DL-,01 (EUR)", US6174464486,Yes, Xetra
MORPHOSYS AG O.N. (EUR), DE0006632003,Yes, Xetra
"MOSAIC CO. DL-,01 (EUR)", US61945C1036,Yes, Xetra
MOUNTAIN ALLIANCE NA O.N. (EUR), DE000A12UK08,Yes, Xetra
MPC MUENCH.PET.CAP. (EUR), DE000A1TNWJ4,Yes, Xetra
MPH HEALTH CARE INH O.N (EUR), DE000A289V03,Yes, Xetra
MS INDUSTRIE AG (EUR), DE0005855183,Yes, Xetra
"MSCI INC. A DL-,01 (EUR)", US55354G1004,Yes, Xetra
MTU AERO ENGINES NA O.N. (EUR), DE000A0D9PT0,Yes, Xetra
MUEHLBAUER HOLD.AG O.N. (EUR), DE0006627201,Yes, Xetra
MUEHLHAN O.N. (EUR), DE000A0KD0F7,Yes, Xetra
MUELLER-LILA LOG. INH ON (EUR), DE0006214687,Yes, Xetra
MUENCH.RUECKVERS.VNA O.N. (EUR), DE0008430026,Yes, Xetra
MULTITUDE SE (EUR), FI4000106299,Yes, Xetra
MUTARES KGAA NA O.N. (EUR), DE000A2NB650,Yes, Xetra
MVISE AG O.N. (EUR), DE0006204589,Yes, Xetra
MVV ENERGIE AG NA O.N. (EUR), DE000A0H52F5,Yes, Xetra
MWB FAIRTRADE WPHDLSBK AG (EUR), DE0006656101,Yes, Xetra
MYNARIC AG NA O.N. (EUR), DE000A31C305,Yes, Xetra
NABALTEC AG INH. (EUR), DE000A0KPPR7,Yes, Xetra
NAGARRO SE NA O.N. (EUR), DE000A3H2200,Yes, Xetra
NANOREPRO AG (EUR), DE0006577109,Yes, Xetra
"NASDAQ INC. DL -,01 (EUR)", US6311031081,Yes, Xetra
NATIONAL GRID PLC (EUR), GB00BDR05C01,Yes, Xetra
"NATWEST GR.PLC LS 1,0769 (EUR)", GB00BM8PJY71,Yes, Xetra
NEMETSCHEK SE O.N. (EUR), DE0006452907,Yes, Xetra
NEON EQUITY NA O.N. (EUR), DE000A3DW408,Yes, Xetra
NET DIGITAL AG INH O.N. (EUR), DE000A2BPK34,Yes, Xetra
NETAPP INC. (EUR), US64110D1046,Yes, Xetra
"NETFLIX INC. DL-,001 (EUR)", US64110L1061,Yes, Xetra
NETFONDS AG VNA O.N. (EUR), DE000A1MME74,Yes, Xetra
NEW WORK SE NA O.N. (EUR), DE000NWRK013,Yes, Xetra
"NEWMONT CORP. DL 1,60 (EUR)", US6516391066,Yes, Xetra
"NEWRON PHARMACEUT. EO-,20 (EUR)", IT0004147952,Yes, Xetra
NEXANS INH. EO 1 (EUR), FR0000044448,Yes, Xetra
NEXUS AG O.N. (EUR), DE0005220909,Yes, Xetra
NFON AG INH O.N. (EUR), DE000A0N4N52,Yes, Xetra
NIIIO FIN.GRP AG NA O.N. (EUR), DE000A2G8332,Yes, Xetra
NIKE INC. B (EUR), US6541061031,Yes, Xetra
NIKOLA CORP. (EUR), US6541101050,Yes, Xetra
"NN GROUP NV EO -,12 (EUR)", NL0010773842,Yes, Xetra
"NOKIA OYJ EO-,06 (EUR)", FI0009000681,Yes, Xetra
NORATIS AG INH. O.N. (EUR), DE000A2E4MK4,Yes, Xetra
NORCOM INF.TECHN. INH ON (EUR), DE000A12UP37,Yes, Xetra
NORDEA BANK ABP (EUR), FI4000297767,Yes, Xetra
NORDEX SE O.N. (EUR), DE000A0D6554,Yes, Xetra
NORFOLK STHN CORP. DL 1 (EUR), US6558441084,Yes, Xetra
NORMA GROUP SE NA O.N. (EUR), DE000A1H8BV3,Yes, Xetra
NORTHERN DATA AG INH O.N. (EUR), DE000A0SMU87,Yes, Xetra
NORTHROP GRUMMAN DL 1 (EUR), US6668071029,Yes, Xetra
NOVEM GROUP S.A. EO 1 (EUR), LU2356314745,Yes, Xetra
"NOVO-NORDISK NAM.B DK-,20 (EUR)", DK0060534915,Yes, Xetra
"NRG ENERGY INC. DL-,01 (EUR)", US6293775085,Yes, Xetra
NUERNBERGER BET.AG VNA (EUR), DE0008435967,Yes, Xetra
"NVIDIA CORP. DL-,001 (EUR)", US67066G1040,Yes, Xetra
NYNOMIC AG INH O.N. (EUR), DE000A0MSN11,Yes, Xetra
OBOTECH ACQUISITION EO1 (EUR), LU2334363566,Yes, Xetra
"OCCIDENTAL PET. DL-,20 (EUR)", US6745991058,Yes, Xetra
OEKOWORLD AG VZNA O.N. (EUR), DE0005408686,Yes, Xetra
OESTERREICH. POST AG (EUR), AT0000APOST4,Yes, Xetra
OHB SE O.N. (EUR), DE0005936124,Yes, Xetra
OLIN CORP. DL 1 (EUR), US6806652052,Yes, Xetra
OMV AG (EUR), AT0000743059,Yes, Xetra
"ON SEMICOND. DL-,01 (EUR)", US6821891057,Yes, Xetra
"ONEOK INC. (NEW) DL-,01 (EUR)", US6826801036,Yes, Xetra
"ORACLE CORP. DL-,01 (EUR)", US68389X1054,Yes, Xetra
ORANGE INH. EO 4 (EUR), FR0000133308,Yes, Xetra
ORBIS SE INH O.N. (EUR), DE0005228779,Yes, Xetra
"OREAL (L') INH. EO 0,2 (EUR)", FR0000120321,Yes, Xetra
"ORGANON + CO. DL -,01 (EUR)", US68622V1061,Yes, Xetra
"ORMAT TECHNOLOG. DL-,001 (EUR)", US6866881021,Yes, Xetra
ORSTED A/S DK 10 (EUR), DK0060094928,Yes, Xetra
"OTIS WORLDWID.CORP DL-,01 (EUR)", US68902V1070,Yes, Xetra
OTRS AG IA O.N. (EUR), DE000A0S9R37,Yes, Xetra
OVB HOLDING AG (EUR), DE0006286560,Yes, Xetra
PACCAR INC. DL 1 (EUR), US6937181088,Yes, Xetra
PAION AG INH O.N. (EUR), DE000A3E5EG5,Yes, Xetra
PALANTIR TECHNOLOGIES INC (EUR), US69608A1088,Yes, Xetra
"PALO ALTO NETWKS DL-,0001 (EUR)", US6974351057,Yes, Xetra
PANTAFLIX AG INH. O.N. (EUR), DE000A12UPJ7,Yes, Xetra
PARAGON KGAA INH O.N. (EUR), DE0005558696,Yes, Xetra
"PARKER-HANNIFIN DL-,50 (EUR)", US7010941042,Yes, Xetra
PATRIZIA SE NA O.N. (EUR), DE000PAT1AG3,Yes, Xetra
"PAYCHEX INC. DL-,01 (EUR)", US7043261079,Yes, Xetra
"PAYCOM SOFTWARE DL -,01 (EUR)", US70432V1026,Yes, Xetra
"PAYPAL HDGS INC.DL-,0001 (EUR)", US70450Y1038,Yes, Xetra
"PEARSON PLC LS-,25 (EUR)", GB0006776081,Yes, Xetra
"PEPSICO INC. DL-,0166 (EUR)", US7134481081,Yes, Xetra
PERFORMANCE ONE AG NA O.N (EUR), DE000A12UMB1,Yes, Xetra
PERNOD RICARD O.N. (EUR), FR0000120693,Yes, Xetra
PETRO WELT TECHNOLOGIE.AG (EUR), AT0000A00Y78,Yes, Xetra
PFEIFFER VACUUM TECH.O.N. (EUR), DE0006916604,Yes, Xetra
PFERDEWETTEN.DE AG NA ON (EUR), DE000A2YN777,Yes, Xetra
"PFIZER INC. DL-,05 (EUR)", US7170811035,Yes, Xetra
PHARMASGP HOLDING SE O.N. (EUR), DE000A2P4LJ5,Yes, Xetra
PHILIP MORRIS INTL INC. (EUR), US7181721090,Yes, Xetra
"PHILLIPS 66 DL-,01 (EUR)", US7185461040,Yes, Xetra
"PHOTON ENERGY NV EO-,01 (EUR)", NL0010391108,Yes, Xetra
PLAN OPTIK O.N. (EUR), DE000A0HGQS8,Yes, Xetra
"PLUG POWER INC. DL-,01 (EUR)", US72919P2020,Yes, Xetra
PNE AG NA O.N. (EUR), DE000A0JBPG2,Yes, Xetra
POLYTEC HLDG AG INH. EO 1 (EUR), AT0000A00XX9,Yes, Xetra
"POOL CORP. DL-,001 (EUR)", US73278L1052,Yes, Xetra
PORR AG (EUR), AT0000609607,Yes, Xetra
PORSCHE AUTOM.HLDG VZO (EUR), DE000PAH0038,Yes, Xetra
"PPL CORP. DL-,01 (EUR)", US69351T1060,Yes, Xetra
PREOS GLB.OFF.R.E. NA ON (EUR), DE000A2LQ850,Yes, Xetra
PRO DV AG O.N. (EUR), DE0006967805,Yes, Xetra
PROCREDIT HLDG AG NA EO 5 (EUR), DE0006223407,Yes, Xetra
PROCTER GAMBLE (EUR), US7427181091,Yes, Xetra
PROSIEBENSAT.1 NA O.N. (EUR), DE000PSM7770,Yes, Xetra
"PROSUS NV EO -,05 (EUR)", NL0013654783,Yes, Xetra
"PRUDENTIAL FINL DL-,01 (EUR)", US7443201022,Yes, Xetra
"PRUDENTIAL PLC LS-,05 (EUR)", GB0007099541,Yes, Xetra
PSI SOFTWARE AG NA O.N. (EUR), DE000A0Z1JH9,Yes, Xetra
PUBLITY AG NA O.N. (EUR), DE0006972508,Yes, Xetra
PUMA SE (EUR), DE0006969603,Yes, Xetra
PVA TEPLA AG O.N. (EUR), DE0007461006,Yes, Xetra
PWO AG INH O.N. (EUR), DE0006968001,Yes, Xetra
PYRAMID AG (EUR), DE000A254W52,Yes, Xetra
PYRUM INNOV.AG NA O.N. (EUR), DE000A2G8ZX8,Yes, Xetra
Q.BEYOND AG NA O.N. (EUR), DE0005137004,Yes, Xetra
"QIAGEN NV EO -,01 (EUR)", NL0012169213,Yes, Xetra
"QORVO INC.DL -,0001 (EUR)", US74736K1016,Yes, Xetra
"QUALCOMM INC. DL-,0001 (EUR)", US7475251036,Yes, Xetra
QUIRIN PRIVATBK O.N. (EUR), DE0005202303,Yes, Xetra
R. STAHL AG NA O.N. (EUR), DE000A1PHBB5,Yes, Xetra
RAIFFEISEN BK INTL INH. (EUR), AT0000606306,Yes, Xetra
"RALPH LAUREN A DL-,01 (EUR)", US7512121010,Yes, Xetra
RATIONAL AG (EUR), DE0007010803,Yes, Xetra
"RAYTHEON TECH. CORP. -,01 (EUR)", US75513E1010,Yes, Xetra
RCM BETEILIGUNGS NA. O.N. (EUR), DE000A1RFMY4,Yes, Xetra
REALTECH AG O.N. (EUR), DE0007008906,Yes, Xetra
"RECKITT BENCK.GRP LS -,10 (EUR)", GB00B24CGK77,Yes, Xetra
"RED ELECTRICA CORP.EO-,50 (EUR)", ES0173093024,Yes, Xetra
REDCARE PHARMACY INH. (EUR), NL0012044747,Yes, Xetra
"REGENERON PHARMAC.DL-,001 (EUR)", US75886F1075,Yes, Xetra
"REGIONS FINANCIAL DL-,01 (EUR)", US7591EP1005,Yes, Xetra
"RELX PLC LS -,144397 (EUR)", GB00B2B0DG97,Yes, Xetra
"RENAULT INH. EO 3,81 (EUR)", FR0000131906,Yes, Xetra
REPSOL S.A. INH. EO 1 (EUR), ES0173516115,Yes, Xetra
"RH DL-,0001 (EUR)", US74967X1037,Yes, Xetra
RHEINMETALL AG (EUR), DE0007030009,Yes, Xetra
RHOEN-KLINIKUM O.N. (EUR), DE0007042301,Yes, Xetra
"RINGCENTRAL A DL-,0001 (EUR)", US76680R2067,Yes, Xetra
RINGMETALL SE NA O.N. (EUR), DE000A3E5E55,Yes, Xetra
"RIO TINTO PLC LS-,10 (EUR)", GB0007188757,Yes, Xetra
ROLLS ROYCE HLDGS LS 0.20 (EUR), GB00B63H8491,Yes, Xetra
ROSENBAUER INTL (EUR), AT0000922554,Yes, Xetra
ROY ASSET HLDG INH O.N. (EUR), DE000RYSE888,Yes, Xetra
RTL GROUP (EUR), LU0061462528,Yes, Xetra
RUBEAN O.N. (EUR), DE0005120802,Yes, Xetra
RWE AG INH O.N. (EUR), DE0007037129,Yes, Xetra
"RYANAIR HLDGS PLC EO-,006 (EUR)", IE00BYTBXV33,Yes, Xetra
S IMMO AG (EUR), AT0000652250,Yes, Xetra
S+P GLOBAL INC. DL 1 (EUR), US78409V1044,Yes, Xetra
SAF-HOLLAND SE INH EO 1 (EUR), DE000SAFH001,Yes, Xetra
"SAFRAN INH. EO -,20 (EUR)", FR0000073272,Yes, Xetra
"SALESFORCE INC. DL-,001 (EUR)", US79466L3024,Yes, Xetra
SALZGITTER AG O.N. (EUR), DE0006202005,Yes, Xetra
"SAMARA ASSET GRP. EO 0,05 (EUR)", MT0001770107,Yes, Xetra
SANOFI SA INHABER EO 2 (EUR), FR0000120578,Yes, Xetra
SAP SE O.N. (EUR), DE0007164600,Yes, Xetra
"SARTOR.STED.B. EO-,20 (EUR)", FR0013154002,Yes, Xetra
SARTORIUS AG O.N. (EUR), DE0007165607,Yes, Xetra
SARTORIUS AG VZO O.N. (EUR), DE0007165631,Yes, Xetra
"SAVANNAH RES PLC LS -,01 (EUR)", GB00B647W791,Yes, Xetra
SBF AG (EUR), DE000A2AAE22,Yes, Xetra
SCHAEFFLER AG INH. VZO (EUR), DE000SHA0159,Yes, Xetra
SCHERZER U. CO. AG O.N. (EUR), DE0006942808,Yes, Xetra
SCHLOSS WACHENHEIM AG O.N (EUR), DE0007229007,Yes, Xetra
SCHNEIDER ELEC. INH. EO 4 (EUR), FR0000121972,Yes, Xetra
SCHOELLER-BLECKMANN OILF. (EUR), AT0000946652,Yes, Xetra
SCHWEIZER ELECTR. NA O.N. (EUR), DE0005156236,Yes, Xetra
"SCOR SE EO 7,8769723 (EUR)", FR0010411983,Yes, Xetra
SCOUT24 SE NA O.N. (EUR), DE000A12DM80,Yes, Xetra
SDM SE INH O.N. (EUR), DE000A3CM708,Yes, Xetra
SECANDA AG INH O.N. (EUR), DE000A0JC0V8,Yes, Xetra
SECUNET SECURITY AG O.N. (EUR), DE0007276503,Yes, Xetra
SEMPERIT AG HLDG (EUR), AT0000785555,Yes, Xetra
SEMPRA (EUR), US8168511090,Yes, Xetra
SERNOVA CORP. (EUR), CA81732W1041,Yes, Xetra
"SERVICENOW INC. DL-,001 (EUR)", US81762P1021,Yes, Xetra
SERVICEWARE SE INH O.N. (EUR), DE000A2G8X31,Yes, Xetra
SEVEN PRINCIPLES AG O.N. (EUR), DE000A2AAA75,Yes, Xetra
SFC ENERGY AG (EUR), DE0007568578,Yes, Xetra
SGL CARBON SE O.N. (EUR), DE0007235301,Yes, Xetra
SGT GRM.PE KGAA NA O.N. (EUR), DE000A1MMEV4,Yes, Xetra
SHAREHOLD.VAL.BET.NA O.N. (EUR), DE000A168205,Yes, Xetra
SHELL PLC EO-07 (EUR), GB00BP6MXD84,Yes, Xetra
SHERWIN-WILLIAMS DL 1 (EUR), US8243481061,Yes, Xetra
SHS VIVEON AG (EUR), DE000A0XFWK2,Yes, Xetra
SIEMENS AG NA O.N. (EUR), DE0007236101,Yes, Xetra
SIEMENS ENERGY AG NA O.N. (EUR), DE000ENER6Y0,Yes, Xetra
SIEMENS HEALTH.AG NA O.N. (EUR), DE000SHL1006,Yes, Xetra
"SIGNIFY N.V. EO -,01 (EUR)", NL0011821392,Yes, Xetra
SILTRONIC AG NA O.N. (EUR), DE000WAF3001,Yes, Xetra
SINGULUS TECHNOL. EO 1 (EUR), DE000A1681X5,Yes, Xetra
SINO AG (EUR), DE0005765507,Yes, Xetra
"SIRIUS XM HLDGS DL-,001 (EUR)", US82968B1035,Yes, Xetra
SIXT SE ST O.N. (EUR), DE0007231326,Yes, Xetra
SIXT SE VZO O.N. (EUR), DE0007231334,Yes, Xetra
SLM SOLUTIONS GRP AG (EUR), DE000A111338,Yes, Xetra
SLM SOLUTIONS GRP NEUE (EUR), DE000A30VLG2,Yes, Xetra
SM WIRTSCHAFTSBER.NA.O.N. (EUR), DE000A1RFMZ1,Yes, Xetra
SMA SOLAR TECHNOL.AG (EUR), DE000A0DJ6J9,Yes, Xetra
SMARTBROKER HLDG INH O.N. (EUR), DE000A2GS609,Yes, Xetra
SMG EUROPEAN RECOV. EO 1 (EUR), LU2380749676,Yes, Xetra
SMT SCHARF AG NA O.N. (EUR), DE000A3DRAE2,Yes, Xetra
"SNAP INC. CL.A DL-,00001 (EUR)", US83304A1060,Yes, Xetra
"SNOWFLAKE INC. A DL-,0001 (EUR)", US8334451098,Yes, Xetra
SNP SCHNEID.-NEUREIT.O.N. (EUR), DE0007203705,Yes, Xetra
SOFTING AG O.N. (EUR), DE0005178008,Yes, Xetra
SOFTLINE AG O.N. (EUR), DE000A2DAN10,Yes, Xetra
SOFTWARE AG NA O.N. (EUR), DE000A2GS401,Yes, Xetra
SOFTWARE AG NA ON Z.VERK. (EUR), DE000A35JSW8,Yes, Xetra
SOITEC S.A. EO 2 (EUR), FR0013227113,Yes, Xetra
SOLUTIANCE AG NA O.N. (EUR), DE000A32VN59,Yes, Xetra
SPIELVGG UNTERHACH. NA ON (EUR), DE000A2TR919,Yes, Xetra
"SPIRIT AIRLINES DL-,0001 (EUR)", US8485771021,Yes, Xetra
SPL.MEDIEN AG O.N. (EUR), DE0007279507,Yes, Xetra
"SPLUNK INC. DL-,001 (EUR)", US8486371045,Yes, Xetra
SPORTTOTAL AG INH. O.N. (EUR), DE000A1EMG56,Yes, Xetra
SPOTIFY TECH. S.A. EUR 1 (EUR), LU1778762911,Yes, Xetra
SRV YHTIOET OYJ (EUR), FI4000523675,Yes, Xetra
"SSE PLC LS-,50 (EUR)", GB0007908733,Yes, Xetra
ST GOBAIN EO 4 (EUR), FR0000125007,Yes, Xetra
STABILUS SE INH. O.N. (EUR), DE000STAB1L8,Yes, Xetra
"STANLEY BL. + DECK.DL2,50 (EUR)", US8545021011,Yes, Xetra
STARBUCKS CORP. (EUR), US8552441094,Yes, Xetra
STATE STREET CORP. DL 1 (EUR), US8574771031,Yes, Xetra
"STE GENERALE INH. EO 1,25 (EUR)", FR0000130809,Yes, Xetra
STEICO SE (EUR), DE000A0LR936,Yes, Xetra
"STELLANTIS NV EO -,01 (EUR)", NL00150001Q9,Yes, Xetra
STEMMER IMAGING AG INH ON (EUR), DE000A2G9MZ9,Yes, Xetra
STMICROELECTRONICS (EUR), NL0000226223,Yes, Xetra
STO SE+CO.KGAA VZO O.N. (EUR), DE0007274136,Yes, Xetra
STOCK3 AG NA O.N. (EUR), DE000A0S9QZ8,Yes, Xetra
STRABAG SE (EUR), AT000000STR1,Yes, Xetra
STRATEC SE NA O.N. (EUR), DE000STRA555,Yes, Xetra
STROEER SE + CO. KGAA (EUR), DE0007493991,Yes, Xetra
STS GROUP AG O.N. (EUR), DE000A1TNU68,Yes, Xetra
SUEDZUCKER AG O.N. (EUR), DE0007297004,Yes, Xetra
SUESS MICROTEC SE NA O.N. (EUR), DE000A1K0235,Yes, Xetra
SUNMIRROR AG SF 1 (EUR), CH0396131929,Yes, Xetra
SURTECO GROUP SE INH O.N. (EUR), DE0005176903,Yes, Xetra
SUSE S.A. (EUR), LU2333210958,Yes, Xetra
"SWISS RE AG NAM. SF -,10 (EUR)", CH0126881561,Yes, Xetra
SYMRISE AG INH. O.N. (EUR), DE000SYM9999,Yes, Xetra
SYNBIOTIC SE NA O.N. (EUR), DE000A3E5A59,Yes, Xetra
"SYNCHRONY FIN. DL-,001 (EUR)", US87165B1035,Yes, Xetra
SYNLAB AG INH O.N. (EUR), DE000A2TSL71,Yes, Xetra
"SYNOPSYS INC. DL-,01 (EUR)", US8716071076,Yes, Xetra
SYSCO CORP. DL 1 (EUR), US8718291078,Yes, Xetra
SYZYGY AG O.N. (EUR), DE0005104806,Yes, Xetra
"T-MOBILE US INC.DL,-00001 (EUR)", US8725901040,Yes, Xetra
"T.ROW.PR.GRP DL-,20 (EUR)", US74144T1088,Yes, Xetra
TAG IMMOBILIEN AG (EUR), DE0008303504,Yes, Xetra
TAKE-TWO INTERACT. SOFTW. (EUR), US8740541094,Yes, Xetra
TAKKT AG O.N. (EUR), DE0007446007,Yes, Xetra
TALANX AG NA O.N. (EUR), DE000TLX1005,Yes, Xetra
"TAPESTRY INC. DL-,01 (EUR)", US8760301072,Yes, Xetra
"TARGET CORP. DL-,0833 (EUR)", US87612E1064,Yes, Xetra
TEAMVIEWER SE INH O.N. (EUR), DE000A2YN900,Yes, Xetra
TECHNOTRANS SE NA O.N. (EUR), DE000A0XYGA7,Yes, Xetra
TELECOM ITALIA (EUR), IT0003497168,Yes, Xetra
TELECOM ITALIA RNC (EUR), IT0003497176,Yes, Xetra
TELEFONICA DTLD HLDG NA (EUR), DE000A1J5RX9,Yes, Xetra
TELEFONICA INH. EO 1 (EUR), ES0178430E18,Yes, Xetra
TELEKOM AUSTRIA AG (EUR), AT0000720008,Yes, Xetra
"TELEPERFORMANCE INH.EO2,5 (EUR)", FR0000051807,Yes, Xetra
TELES AG ON (EUR), DE000A289B07,Yes, Xetra
"TERADYNE INC. DL-,125 (EUR)", US8807701029,Yes, Xetra
"TESCO PLC LS-,0633333 (EUR)", GB00BLGZ9862,Yes, Xetra
"TESLA INC. DL -,001 (EUR)", US88160R1014,Yes, Xetra
TEXAS INSTR. DL 1 (EUR), US8825081040,Yes, Xetra
THE NAGA GROUP AG NA O.N. (EUR), DE000A161NR7,Yes, Xetra
THE SOCIAL CHAIN AG NA ON (EUR), DE000A1YC996,Yes, Xetra
"THE TRA.DESK A DL-,000001 (EUR)", US88339J1051,Yes, Xetra
THERMO FISH.SCIENTIF.DL 1 (EUR), US8835561023,Yes, Xetra
THYSSENKRUPP AG O.N. (EUR), DE0007500001,Yes, Xetra
"TILRAY BRA. CL.2 DL-,0001 (EUR)", US88688T1007,Yes, Xetra
TION RENEWABLES AG O.N. (EUR), DE000A2YN371,Yes, Xetra
TJX COS INC. DL 1 (EUR), US8725401090,Yes, Xetra
TMC CONTENT GR.AG NAM.SF1 (EUR), CH0557519201,Yes, Xetra
TOKENTUS INVESTMENT AG (EUR), DE000A3CN9R8,Yes, Xetra
TONIES SE EO 1 (EUR), LU2333563281,Yes, Xetra
TONKENS AGRAR AG (EUR), DE000A1EMHE0,Yes, Xetra
"TOTALENERGIES SE EO 2,50 (EUR)", FR0000120271,Yes, Xetra
"TRACTOR SUPPLY DL-,008 (EUR)", US8923561067,Yes, Xetra
TRATON SE INH O.N. (EUR), DE000TRAT0N7,Yes, Xetra
TRAUMHAUS AG INH O.N. (EUR), DE000A2NB7S2,Yes, Xetra
TRAVELERS COS INC. (EUR), US89417E1091,Yes, Xetra
"TRIPADVISOR INC. DL -,001 (EUR)", US8969452015,Yes, Xetra
TTL BET.GRDBES.AG INH ON (EUR), DE0007501009,Yes, Xetra
TUBESOLAR AG INH O.N. (EUR), DE000A2PXQD4,Yes, Xetra
TUI AG NA O.N. (EUR), DE000TUAG505,Yes, Xetra
"TYSON FOODS INC A DL-,10 (EUR)", US9024941034,Yes, Xetra
"U.S. BANCORP DL-,01 (EUR)", US9029733048,Yes, Xetra
"UBER TECH. DL-,00001 (EUR)", US90353T1007,Yes, Xetra
"UBISOFT ENTMT IN.EO-,0775 (EUR)", FR0000054470,Yes, Xetra
UET AG O.N. (EUR), DE000A0LBKW6,Yes, Xetra
UMICORE S.A. (EUR), BE0974320526,Yes, Xetra
UMT UTD MOB.TECHN. O.N. (EUR), DE000A2YN702,Yes, Xetra
UMWELTBANK AG O.N. (EUR), DE0005570808,Yes, Xetra
"UNDER ARMOUR C DL-,000333 (EUR)", US9043112062,Yes, Xetra
UNICREDIT (EUR), IT0005239360,Yes, Xetra
UNIDEVICE AG INH O.N. (EUR), DE000A11QLU3,Yes, Xetra
"UNILEVER PLC LS-,031111 (EUR)", GB00B10RZP78,Yes, Xetra
"UNION PAC. DL 2,50 (EUR)", US9078181081,Yes, Xetra
UNIPER SE NA O.N. (EUR), DE000UNSE018,Yes, Xetra
UNIQA INSURANCE GROUP AG (EUR), AT0000821103,Yes, Xetra
UNITED LABELS O.N. (EUR), DE0005489561,Yes, Xetra
UNITED STATES STEEL DL 1 (EUR), US9129091081,Yes, Xetra
"UNITEDHEALTH GROUP DL-,01 (EUR)", US91324P1021,Yes, Xetra
"URANIUM ENERGY DL-,001 (EUR)", US9168961038,Yes, Xetra
"URW (STAPLED SHS) EO-,05 (EUR)", FR0013326246,Yes, Xetra
USU SOFTWARE AG (EUR), DE000A0BVU28,Yes, Xetra
"UTD AIRLINES HLDGS DL-,01 (EUR)", US9100471096,Yes, Xetra
UTD.INTERNET AG NA (EUR), DE0005089031,Yes, Xetra
UZIN UTZ SE O.N. (EUR), DE0007551509,Yes, Xetra
V.F. CORP. (EUR), US9182041080,Yes, Xetra
VA-Q-TEC AG NA O.N. (EUR), DE0006636681,Yes, Xetra
VA-Q-TEC AG NA Z.UMT. (EUR), DE000A32VPJ3,Yes, Xetra
"VALERO ENERGY CORP.DL-,01 (EUR)", US91913Y1001,Yes, Xetra
"VALNEVA SE EO -,15 (EUR)", FR0004056851,Yes, Xetra
VARENGOLD BANK AG (EUR), DE0005479307,Yes, Xetra
VARTA AG O.N. (EUR), DE000A0TGJ55,Yes, Xetra
VECTRON SYSTEMS O.N. (EUR), DE000A0KEXC7,Yes, Xetra
"VEEVA SYSTEMS A DL-,00001 (EUR)", US9224751084,Yes, Xetra
VEGANZ GROUP AG INH. O.N. (EUR), DE000A3E5ED2,Yes, Xetra
VEOLIA ENVIRONNE. EO 5 (EUR), FR0000124141,Yes, Xetra
VERBIO VER.BIOENERGIE ON (EUR), DE000A0JL9W6,Yes, Xetra
VERBUND AG INH. A (EUR), AT0000746409,Yes, Xetra
VERIANOS SE INH O.N. (EUR), DE000A0Z2Y48,Yes, Xetra
"VERISIGN INC. DL-,001 (EUR)", US92343E1029,Yes, Xetra
"VERIZON COMM. INC. DL-,10 (EUR)", US92343V1044,Yes, Xetra
"VERTEX PHARMAC. DL-,01 (EUR)", US92532F1003,Yes, Xetra
"VESTAS WIND SYS. DK -,20 (EUR)", DK0061539921,Yes, Xetra
VIATRIS INC. O.N. (EUR), US92556V1061,Yes, Xetra
VIB VERMOEGEN NA O.N. (EUR), DE000A2YPDD0,Yes, Xetra
VILLEROY + BOCH AG VZ (EUR), DE0007657231,Yes, Xetra
"VINCI S.A. INH. EO 2,50 (EUR)", FR0000125486,Yes, Xetra
"VISA INC. CL. A DL -,0001 (EUR)", US92826C8394,Yes, Xetra
VISCOM AG O.N. (EUR), DE0007846867,Yes, Xetra
VITA 34 AG NA O.N. (EUR), DE000A0BL849,Yes, Xetra
VITESCO TECHS GRP NA O.N. (EUR), DE000VTSC017,Yes, Xetra
"VIVENDI SE INH. EO 5,5 (EUR)", FR0000127771,Yes, Xetra
"VMWARE INC.CLASS A DL-,01 (EUR)", US9285634021,Yes, Xetra
VODAFONE GROUP PLC (EUR), GB00BH4HKS39,Yes, Xetra
VOESTALPINE AG (EUR), AT0000937503,Yes, Xetra
VOLKSWAGEN AG ST O.N. (EUR), DE0007664005,Yes, Xetra
VOLKSWAGEN AG VZO O.N. (EUR), DE0007664039,Yes, Xetra
VOLTABOX AG INH. O.N. (EUR), DE000A2E4LE9,Yes, Xetra
VONOVIA SE NA O.N. (EUR), DE000A1ML7J1,Yes, Xetra
VOSSLOH AG O.N. (EUR), DE0007667107,Yes, Xetra
VULCAN ENERGY RESOURCES (EUR), AU0000066086,Yes, Xetra
WACKER CHEMIE O.N. (EUR), DE000WCH8881,Yes, Xetra
WACKER NEUSON SE NA O.N. (EUR), DE000WACK012,Yes, Xetra
"WALGREENS BOOTS AL.DL-,01 (EUR)", US9314271084,Yes, Xetra
"WALMART DL-,10 (EUR)", US9311421039,Yes, Xetra
WASHTEC AG O.N. (EUR), DE0007507501,Yes, Xetra
WASTE MANAGEMENT (EUR), US94106L1098,Yes, Xetra
"WB DISCOVERY SER.A DL-,01 (EUR)", US9344231041,Yes, Xetra
WCM BET.GRD.AG O.N. (EUR), DE000A1X3X33,Yes, Xetra
"WELLS FARGO + CO.DL 1,666 (EUR)", US9497461015,Yes, Xetra
WENG FINE ART AG NA O.N. (EUR), DE0005181606,Yes, Xetra
"WEST PHARM.SVCS DL-,25 (EUR)", US9553061055,Yes, Xetra
"WESTERN UNION CO. DL-,01 (EUR)", US9598021098,Yes, Xetra
WESTWING GROUP INH. O.N. (EUR), DE000A2N4H07,Yes, Xetra
WHEATON PREC. METALS (EUR), CA9628791027,Yes, Xetra
WIENERBERGER (EUR), AT0000831706,Yes, Xetra
WILLIAMS COS INC. DL 1 (EUR), US9694571004,Yes, Xetra
WOLFTANK-ADISA HLDG O.N. (EUR), AT0000A25NJ6,Yes, Xetra
WOLTERS KLUWER NAM. EO-12 (EUR), NL0000395903,Yes, Xetra
"WORLDLINE S.A. EO -,68 (EUR)", FR0011981968,Yes, Xetra
WUESTENROT+WUERTT.AG O.N. (EUR), DE0008051004,Yes, Xetra
"WYNN RESORTS LTD DL-,01 (EUR)", US9831341071,Yes, Xetra
"XCEL ENERGY DL 2,50 (EUR)", US98389B1008,Yes, Xetra
XEROX HLDGS CORP. DL 1 (EUR), US98421M1062,Yes, Xetra
"XYLEM INC. DL-,01 (EUR)", US98419M1009,Yes, Xetra
YOC AG O.N. (EUR), DE0005932735,Yes, Xetra
YOUR FAMILY ENTER.AG NA (EUR), DE000A161N14,Yes, Xetra
YUM BRANDS (EUR), US9884981013,Yes, Xetra
"YUM CHINA HLDGS DL-,01 (EUR)", US98850P1093,Yes, Xetra
ZALANDO SE (EUR), DE000ZAL1111,Yes, Xetra
ZEAL NETWORK SE NA O.N. (EUR), DE000ZEAL241,Yes, Xetra
"ZEBRA TECH. A DL-,01 (EUR)", US9892071054,Yes, Xetra
"ZOETIS INC. CL.A DL -,01 (EUR)", US98978V1035,Yes, Xetra
"ZOOM VIDEO COMM. A -,001 (EUR)", US98980L1017,Yes, Xetra
"ZSCALER INC. DL-,001 (EUR)", US98980G1022,Yes, Xetra
ZUMTOBEL GROUP AG INH. A (EUR), AT0000837307,Yes, Xetra
