FP3.F,"NextEra Energy, Inc.",69.48,+1.82,+2.69%,"1,505",924,140.678B,22.49
IBE1.DE,"Iberdrola, S.A.",11.89,+0.18,+1.49%,"16,523","7,089",74.473B,16.51
IBE1.F,"Iberdrola, S.A.",11.80,+0.19,+1.59%,"6,765","2,442",73.909B,16.38
IBE5.F,"Iberdrola, S.A.",45.40,+0.20,+0.44%,70,1,72.946B,15.66
SOT.F,The Southern Company,64.58,-0.48,-0.74%,50,43,70.469B,22.66
CYZB.F,"China Yangtze Power Co., Ltd.",26.60,-0.40,-1.48%,10,0,69.35B,21.28
D2MN.F,Duke Energy Corporation,83.80,-0.10,-0.12%,24,71,64.664B,18.38
ENL.F,Enel SpA,6.12,+0.01,+0.20%,"18,240","15,837",62.196B,19.75
ENL.DE,Enel SpA,6.11,+0.01,+0.10%,"140,293","47,352",62.116B,19.70
ENLA.F,Enel SpA,6.00,0.00,0.00%,40,35,62.054B,19.35
NNGF.F,National Grid plc,12.90,+0.80,+6.61%,30,577,47.45B,15.18
NNGF.DE,National Grid plc,12.60,+0.40,+3.28%,"2,621","3,380",46.346B,14.65
NNGD.F,National Grid plc,61.00,+1.00,+1.67%,100,1,44.875B,14.22
UN01.F,Uniper SE,5.30,+0.23,+4.54%,"22,312","41,155",44.146B,N/A
UN01.DE,Uniper SE,5.29,+0.22,+4.38%,1.013M,"761,527",44.081B,N/A
SE4.DE,Sempra,137.00,+1.00,+0.74%,1,13,43.107B,18.87
SE4.F,Sempra,135.00,-1.00,-0.74%,4,39,42.641B,18.72
DOD.F,"Dominion Energy, Inc.",48.13,-0.26,-0.55%,25,8,40.385B,35.92
AEP.F,"American Electric Power Company, Inc.",77.31,+0.23,+0.30%,130,16,40.144B,21.66
PCG.F,PG&E Corporation,15.62,-0.17,-1.06%,1,9,39.622B,18.81
D2G1.F,Ørsted A/S,28.40,+0.40,+1.43%,16,0,38.196B,24.70
D2G.F,Ørsted A/S,90.84,+1.44,+1.61%,41,405,38.265B,25.81
PEO.DE,Exelon Corporation,37.66,+0.63,+1.72%,20,51,37.503B,17.85
PEO.F,Exelon Corporation,37.12,+0.20,+0.54%,22,25,37.352B,17.76
GZF.DE,Engie SA,14.37,+0.14,+1.01%,"3,835","10,738",34.957B,N/A
GZFB.F,Engie SA,14.30,+0.10,+0.70%,190,18,34.851B,N/A
GZF.F,Engie SA,14.19,+0.00,+0.01%,"2,401","2,895",34.612B,N/A
NRN.DE,Xcel Energy Inc.,58.87,+0.50,+0.86%,300,122,32.592B,19.18
NRN.F,Xcel Energy Inc.,58.49,+0.53,+0.91%,108,2,32.208B,19.63
RWE.DE,RWE Aktiengesellschaft,40.41,+0.42,+1.05%,6.922M,1.743M,30.059B,"1,347.00"
RWE.F,RWE Aktiengesellschaft,40.37,+0.25,+0.62%,"4,582","5,704",30.029B,"1,345.67"
EOAN.DE,E.ON SE,11.42,+0.27,+2.42%,13.508M,5.923M,29.811B,35.69
EOAN.F,E.ON SE,11.41,+0.26,+2.29%,"30,505","20,265",29.784B,35.66
EDC.F,"Consolidated Edison, Inc.",84.30,-0.40,-0.47%,60,27,29.571B,13.23
RWEA.F,RWE Aktiengesellschaft,39.40,+0.20,+0.51%,100,61,29.898B,"1,313.33"
EOAA.F,E.ON SE,11.20,+0.20,+1.82%,300,625,29.635B,35.00
PSE.F,Public Service Enterprise Group Incorporated,56.50,-0.50,-0.88%,20,0,28.391B,13.11
E7S.F,Constellation Energy Corporation,86.00,+0.47,+0.55%,8,36,27.899B,N/A
OEW.F,VERBUND AG,14.30,-0.30,-2.05%,1,11,25.231B,14.02
OEWA.F,VERBUND AG,74.15,-2.50,-3.26%,100,140,24.921B,14.63
AWC.F,"American Water Works Company, Inc.",136.80,+3.20,+2.40%,110,101,26.672B,32.42
AWC.DE,"American Water Works Company, Inc.",137.00,+2.40,+1.78%,42,231,26.666B,32.46
WIC.F,"WEC Energy Group, Inc.",83.90,+0.80,+0.96%,65,1,26.5B,20.92
GAN.F,"Naturgy Energy Group, S.A.",27.16,+0.70,+2.65%,3,48,26.408B,15.70
GANA.F,"Naturgy Energy Group, S.A.",5.15,+0.10,+1.98%,20,0,26.237B,14.71
EIX.F,Edison International,64.20,+1.46,+2.33%,66,3,24.747B,31.63
SCT.F,SSE plc,22.00,+0.60,+2.80%,200,245,24.053B,N/A
EIX.DE,Edison International,62.56,0.00,0.00%,2,0,23.985B,30.67
EBK.F,EnBW Energie Baden-Württemberg AG,86.80,-1.60,-1.81%,5,36,23.778B,41.53
CEZ.F,"CEZ, a. s.",43.38,+0.26,+0.60%,223,407,23.563B,8.56
CEZA.F,"CEZ, a. s.",20.20,+0.20,+1.00%,20,0,23.475B,8.05
SCTA.F,SSE plc,21.20,0.00,0.00%,250,0,23.178B,N/A
EBK.DE,EnBW Energie Baden-Württemberg AG,85.40,-2.40,-2.73%,70,253,23.131B,42.28
NWJ.F,Eversource Energy,64.50,0.00,0.00%,45,4,22.5B,16.62
ENA.DE,"Endesa, S.A.",21.11,+0.26,+1.25%,"2,198",206,22.334B,8.87
ENA.F,"Endesa, S.A.",20.70,-0.12,-0.58%,200,84,21.9B,8.55
ENAA.F,"Endesa, S.A.",9.95,0.00,0.00%,"1,025",78,22.016B,8.36
DGY.F,DTE Energy Company,104.00,0.00,0.00%,10,0,21.578B,19.62
FE7.F,FirstEnergy Corp.,36.10,+0.47,+1.32%,10,0,20.679B,53.88
AE4.F,Ameren Corporation,76.50,0.00,0.00%,78,11,20.297B,20.03
EDW0.F,"EDP Renováveis, S.A.",36.80,-0.20,-0.54%,2,0,19.86B,29.44
EDW.F,"EDP Renováveis, S.A.",19.25,-0.13,-0.67%,2,254,19.763B,30.56
ELP1.F,Companhia Paranaense de Energia - COPEL,7.30,0.00,0.00%,40,0,19.977B,104.29
ETY.F,Entergy Corporation,93.50,+0.50,+0.54%,9,4,19.77B,18.26
EDPA.SG,"EDP - Energias de Portugal, S.A.",45.40,+0.60,+1.34%,0,0,19.472B,17.73
L3XC.F,Centrais Elétricas Brasileiras S.A. - Eletrobrás,8.50,+0.05,+0.59%,419,0,19.61B,N/A
EDP.F,"EDP - Energias de Portugal, S.A.",4.6290,+0.0100,+0.22%,"5,000","1,436",19.282B,18.52
12F.F,Fortis Inc.,38.90,-0.56,-1.42%,230,230,18.847B,18.88
PP9.DE,PPL Corporation,24.88,+0.33,+1.34%,452,421,18.338B,27.04
94C.F,"CGN Power Co., Ltd.",0.2000,0.0000,0.00%,"10,000",217,17.764B,6.67
L3X.F,Centrais Elétricas Brasileiras S.A. - Eletrobrás,7.40,+0.05,+0.68%,434,277,18.082B,N/A
PP9.F,PPL Corporation,24.53,-0.15,-0.61%,16,38,18.08B,26.66
L3XB.F,Centrais Elétricas Brasileiras S.A. - Eletrobrás,7.45,+0.10,+1.36%,"1,500",0,17.825B,N/A
L3XA.F,Centrais Elétricas Brasileiras S.A. - Eletrobrás,8.30,0.00,0.00%,251,220,17.544B,N/A
6WX0.F,China Longyuan Power Group Corporation Limited,9.50,+0.20,+2.15%,25,0,17.274B,12.50
CLP.F,CLP Holdings Limited,6.65,+0.05,+0.76%,370,39,16.905B,166.25
HOU.F,"CenterPoint Energy, Inc.",26.60,0.00,0.00%,216,0,16.853B,22.74
SNM0.F,Snam S.p.A.,9.55,0.00,0.00%,55,0,16.724B,24.49
6WX.F,China Longyuan Power Group Corporation Limited,0.9710,+0.0194,+2.04%,21,21,17.255B,12.14
SNM.F,Snam S.p.A.,4.9310,+0.0480,+0.98%,250,291,16.532B,24.66
CLP1.F,CLP Holdings Limited,6.35,-0.20,-3.05%,518,0,16.515B,158.75
UEI.F,Terna S.p.A.,8.10,+0.28,+3.53%,444,226,16.488B,18.40
CSG.F,CMS Energy Corporation,55.18,-0.10,-0.18%,100,2,16.387B,25.55
8H1.F,Hydro One Limited,25.60,-0.20,-0.78%,980,18,15.327B,21.69
AEO.F,Atmos Energy Corporation,106.30,-0.80,-0.75%,100,1,15.439B,19.87
HCG.F,The Hong Kong and China Gas Company Limited,0.8000,+0.0100,+1.27%,55,42,15.219B,26.67
HCGS.F,The Hong Kong and China Gas Company Limited,0.7350,-0.0300,-3.92%,1,105,15.124B,24.50
HUP1.F,"Huaneng Power International, Inc.",0.5000,-0.0200,-3.85%,500,0,14.068B,N/A
XGH0.F,ENN Energy Holdings Limited,48.20,+0.80,+1.69%,40,0,13.627B,17.79
XGH.F,ENN Energy Holdings Limited,12.10,+0.20,+1.68%,100,3,14.044B,17.79
AES.F,The AES Corporation,19.71,+0.61,+3.19%,10,79,13.202B,N/A
12A.F,"Avangrid, Inc.",34.80,+0.20,+0.58%,100,1,13.895B,21.61
CHH0.MU,CK Infrastructure Holdings Limited,25.20,0.00,0.00%,N/A,0,12.699B,13.06
3E7.F,"Evergy, Inc.",54.50,+0.50,+0.93%,30,5,12.543B,17.58
CHH.F,CK Infrastructure Holdings Limited,4.7560,+0.0240,+0.51%,100,1,12.374B,12.52
AY1.F,Alliant Energy Corporation,49.00,0.00,0.00%,22,9,12.412B,20.25
FOT.F,Fortum Oyj,13.23,+0.16,+1.22%,250,640,11.875B,7.23
FOT0.F,Fortum Oyj,2.5000,-0.0800,-3.10%,250,4,11.468B,6.58
HEH0.MU,Power Assets Holdings Limited,5.15,0.00,0.00%,N/A,0,10.975B,16.61
XGH.MU,ENN Energy Holdings Limited,12.10,+0.20,+1.68%,"4,000",0,13.587B,N/A
5BP.MU,"Corporación Acciona Energías Renovables, S.A.",31.80,+0.24,+0.76%,300,11,10.463B,16.06
5BP.F,"Corporación Acciona Energías Renovables, S.A.",31.64,+0.10,+0.32%,100,5,10.45B,15.90
NOU.F,NiSource Inc.,24.90,0.00,0.00%,200,0,10.399B,18.18
HEH.F,Power Assets Holdings Limited,4.8200,+0.0400,+0.84%,52,6,10.333B,15.55
KPO.F,"The Kansai Electric Power Company, Incorporated",11.30,-0.10,-0.88%,250,90,10.285B,N/A
C61.F,Emera Incorporated,37.51,-0.39,-1.03%,200,5,10.181B,12.76
A2A.F,"Essential Utilities, Inc.",37.72,-0.12,-0.32%,103,16,9.972B,23.28
CRP0.F,China Resources Power Holdings Company Limited,28.80,+0.20,+0.70%,N/A,0,9.656B,11.52
CRP.F,China Resources Power Holdings Company Limited,1.9710,-0.0210,-1.05%,"2,012",48,9.576B,11.59
RE21.F,"Red Eléctrica Corporación, S.A.",16.66,+0.41,+2.49%,330,169,9.072B,13.66
TOG.F,"Tokyo Gas Co.,Ltd.",20.60,-0.20,-0.96%,550,11,8.957B,6.26
0V6.F,Vistra Corp.,23.00,+0.40,+1.77%,45,2,8.706B,N/A
RE2.F,"Red Eléctrica Corporación, S.A.",7.60,-0.05,-0.65%,24,0,8.794B,12.46
PWC.F,Pinnacle West Capital Corporation,76.24,+0.58,+0.77%,4,0,8.694B,20.01
E4S.F,Elia Group SA/NV,116.90,+1.40,+1.21%,96,9,8.593B,24.00
KOP.F,Korea Electric Power Corporation,6.40,0.00,0.00%,"1,500",30,8.545B,N/A
0C2.F,"Chubu Electric Power Company, Incorporated",10.90,-0.10,-0.91%,250,0,8.438B,N/A
UUEA.F,United Utilities Group PLC,23.80,-0.20,-0.83%,5,0,8.348B,34.49
UUEC.F,United Utilities Group PLC,12.10,0.00,0.00%,201,11,8.251B,35.59
GQI.F,GAIL (India) Limited,6.75,-0.15,-2.17%,37,98,8.105B,11.84
15M1.F,Meridian Energy Limited,3.0600,+0.0200,+0.66%,"1,631",409,7.993B,27.82
SVT1.F,Severn Trent PLC,31.27,-0.16,-0.51%,299,11,7.954B,52.12
CENB.F,Centrica plc,1.3800,+0.0250,+1.85%,700,"1,663",7.793B,N/A
LGX1.F,China Resources Gas Group Limited,3.1400,+0.0200,+0.64%,300,10,7.515B,12.56
CENN.F,Centrica plc,5.10,-0.10,-1.92%,20,0,7.488B,N/A
CIDS.F,Companhia Energética de Minas Gerais,3.3800,-0.1800,-5.06%,"1,062",0,7.438B,10.24
SHX.F,Huadian Power International Corporation Limited,0.4040,-0.0100,-2.42%,32,35,7.57B,N/A
NRA.DE,"NRG Energy, Inc.",31.45,+0.10,+0.32%,15,89,7.241B,N/A
NRA.F,"NRG Energy, Inc.",31.15,-0.35,-1.11%,240,15,7.224B,N/A
7TE1.F,Engie Brasil Energia S.A.,8.25,-0.15,-1.79%,22,19,7.17B,0.00
SAJA.F,Companhia de Saneamento Básico do Estado de São Paulo - SABESP,10.10,-0.10,-0.98%,1,0,7.015B,12.78
OG5.F,OGE Energy Corp.,33.20,0.00,0.00%,35,0,6.682B,16.77
CUD.F,Canadian Utilities Limited,24.00,0.00,0.00%,21,16,6.435B,15.09
CID.F,Companhia Energética de Minas Gerais,2.3800,0.0000,0.00%,"2,222",114,6.369B,7.00
CIDA.F,Companhia Energética de Minas Gerais,2.3400,+0.0400,+1.74%,"3,000",421,6.262B,6.88
BJI.F,"Datang International Power Generation Co., Ltd.",0.1580,-0.0010,-0.63%,"3,000",929,6.126B,N/A
OSA.F,"Osaka Gas Co., Ltd.",14.60,+0.10,+0.69%,120,5,6.093B,12.59
EBZ.F,China Gas Holdings Limited,1.0900,+0.0100,+0.93%,700,54,6.022B,7.27
NF0.F,New Fortress Energy Inc.,27.00,+0.20,+0.75%,58,5,5.663B,56.25
NY41.F,"Clearway Energy, Inc.",27.25,-0.10,-0.37%,106,22,5.462B,5.58
NY4B.F,"Clearway Energy, Inc.",26.20,-0.20,-0.76%,100,13,5.419B,5.35
GUG.F,Guangdong Investment Limited,0.8025,+0.0030,+0.38%,"3,062",404,5.372B,8.92
3U6.F,UGI Corporation,25.41,-0.28,-1.09%,34,322,5.341B,N/A
GUG0.F,Guangdong Investment Limited,40.00,-0.20,-0.50%,N/A,0,5.357B,9.39
751.F,Algonquin Power & Utilities Corp.,7.64,+0.10,+1.30%,135,177,5.264B,N/A
EAM.F,A2A S.p.A.,1.6485,+0.0155,+0.95%,"5,000",449,5.21B,13.74
TPO.F,"Tokyo Electric Power Company Holdings, Incorporated",3.2180,+0.0790,+2.52%,460,16,5.239B,N/A
MRY.F,Mercury NZ Limited,3.5200,0.0000,0.00%,35,1,5.009B,32.00
IDJ.F,"IDACORP, Inc.",96.00,0.00,0.00%,50,0,4.863B,19.55
HKT.F,HK Electric Investments and HK Electric Investments Limited,0.5460,-0.0036,-0.66%,500,71,4.862B,13.65
EG4.F,"Enagás, S.A.",18.47,+0.23,+1.23%,550,473,4.822B,13.38
1NR.F,Northland Power Inc.,18.82,+0.20,+1.07%,30,20,4.747B,9.75
EG40.F,"Enagás, S.A.",8.60,0.00,0.00%,500,17,4.74B,12.46
HNM.F,"Ormat Technologies, Inc.",78.35,+0.80,+1.03%,150,11,4.707B,62.68
N9Z1.F,AGL Energy Limited,6.52,+0.51,+8.48%,"1,176",87,4.388B,N/A
I10.F,Italgas S.p.A.,5.45,-0.11,-1.89%,"1,217",60,4.458B,10.90
49P.F,Portland General Electric Company,44.00,-0.40,-0.90%,75,2,4.314B,17.53
SZR.F,"Southwest Gas Holdings, Inc.",58.50,+0.50,+0.86%,25,2,4.209B,N/A
NJ1.F,New Jersey Resources Corporation,43.40,-0.80,-1.81%,612,21,4.208B,15.67
HE9.F,Hera S.p.A.,2.8180,-0.0420,-1.47%,979,132,4.167B,12.81
ER9.F,ERG S.p.A.,26.50,+0.04,+0.15%,72,4,4.044B,47.32
9PAA.F,Pampa Energía S.A.,34.80,0.00,0.00%,165,12,4.117B,5.32
ELPA.F,Companhia Paranaense de Energia - COPEL,1.4600,-0.0100,-0.68%,"3,500","1,127",4.038B,20.86
HPD.F,China Power International Development Limited,0.3247,-0.0019,-0.58%,"110,625","6,474",4.017B,10.82
355.F,Enel Chile S.A.,2.9000,+0.0200,+0.69%,"1,650",51,4.012B,2.57
355.SG,Enel Chile S.A.,2.8400,+0.0400,+1.43%,0,15,4.007B,2.56
OG9.F,"ONE Gas, Inc.",71.00,-0.50,-0.70%,6,0,3.933B,18.68
6PG.F,PGE Polska Grupa Energetyczna S.A.,1.6450,+0.0345,+2.14%,83,35,3.83B,3.23
9PAA.SG,Pampa Energía S.A.,34.80,0.00,0.00%,0,20,3.823B,5.12
PU8.F,Public Power Corporation S.A.,9.91,-0.16,-1.59%,200,294,3.819B,N/A
EVN.F,EVN AG,20.70,-0.15,-0.72%,250,335,3.689B,12.18
BHI.F,Black Hills Corporation,56.50,-0.50,-0.88%,110,2,3.766B,15.74
HWI.F,"Hawaiian Electric Industries, Inc.",34.20,0.00,0.00%,700,13,3.747B,17.54
98P.F,"PNM Resources, Inc.",42.20,-0.40,-0.94%,900,0,3.644B,18.84
N1N.F,Neoen S.A.,29.26,-0.04,-0.14%,104,29,3.648B,86.06
2CP.F,Capital Power Corporation,30.60,-0.40,-1.29%,85,1,3.606B,19.62
E0E.F,Ariston Holding N.V.,10.22,-0.19,-1.83%,9,"1,012",3.603B,24.33
BZB.F,Contact Energy Limited,4.3400,0.0000,0.00%,230,36,3.505B,144.67
LEC.F,Lechwerke AG,97.00,-1.50,-1.52%,25,46,3.438B,72.39
9C6.F,China Suntien Green Energy Corporation Limited,0.3300,+0.0040,+1.23%,"5,000",0,3.283B,4.71
8A6.F,ATCO Ltd.,28.20,+0.20,+0.71%,196,67,3.197B,11.28
NWZA.F,NorthWestern Corporation,53.00,0.00,0.00%,45,2,3.169B,17.73
WWG.F,Gelsenwasser AG,920.00,0.00,0.00%,1,3,3.163B,39.00
AEBA.F,"ALLETE, Inc.",54.00,0.00,0.00%,100,0,3.099B,18.06
LGR.F,Spire Inc.,58.00,-1.00,-1.69%,120,2,3.051B,13.27
TKT.F,"Tohoku Electric Power Company, Incorporated",5.60,-0.05,-0.88%,200,6,2.855B,N/A
FDK.F,American States Water Company,79.20,-0.65,-0.81%,22,14,2.987B,32.06
DCA.F,ACEA S.p.A.,13.59,-0.21,-1.52%,578,23,2.897B,11.52
D9F2.F,Drax Group plc,6.66,+0.04,+0.60%,"1,919",69,2.855B,27.73
2CJ.F,"Kyushu Electric Power Company, Incorporated",5.80,-0.05,-0.85%,"1,935",51,2.813B,N/A
MNV6.F,Mainova AG,505.00,0.00,0.00%,21,1,2.777B,N/A
AV6.SG,Avista Corporation,36.20,-0.40,-1.09%,0,0,2.758B,21.29
AV6.F,Avista Corporation,36.00,-0.20,-0.55%,50,0,2.728B,21.18
WT5.F,California Water Service Group,47.40,0.00,0.00%,120,6,2.654B,37.62
B3H.F,Boralex Inc.,25.64,+0.30,+1.18%,1,3,2.635B,170.93
ECV.F,Encavis AG,15.98,+0.20,+1.30%,35,"1,521",2.584B,29.58
ECV.DE,Encavis AG,16.06,+0.22,+1.36%,"453,950","385,927",2.585B,29.73
AY3.F,Atlantica Sustainable Infrastructure plc,21.70,+0.11,+0.51%,50,42,2.522B,N/A
FJG.F,"Electric Power Development Co., Ltd.",13.30,-0.10,-0.75%,8,2,2.435B,2.58
TZ8.F,Iren SpA,1.8240,+0.0180,+1.00%,"11,178",436,2.34B,9.60
3PN.F,Pennon Group Plc,8.85,-0.21,-2.32%,"2,000",58,2.313B,N/A
TZ1.F,TransAlta Corporation,8.75,+0.05,+0.57%,100,6,2.304B,30.17
44T.F,TERNA ENERGY Industrial Commercial Technical Societe Anonyme,19.84,-0.02,-0.10%,180,13,2.319B,116.71
3PN0.F,Pennon Group Plc,17.00,-0.10,-0.58%,N/A,0,2.328B,N/A
DT7.SG,"China Datang Corporation Renewable Power Co., Limited",0.3120,+0.0040,+1.30%,0,"5,415",2.395B,6.24
DT7.F,"China Datang Corporation Renewable Power Co., Limited",0.3100,+0.0040,+1.31%,"6,982","6,416",2.395B,6.20
HUN2.F,Beijing Enterprises Water Group Limited,0.2076,-0.0002,-0.10%,50,"1,791",2.202B,10.38
59K.F,"The Chugoku Electric Power Co., Inc.",5.85,-0.05,-0.85%,25,0,2.175B,N/A
0TA.F,TransAlta Renewables Inc.,7.98,-0.14,-1.75%,604,799,2.149B,38.02
HUN2.SG,Beijing Enterprises Water Group Limited,0.2076,0.0000,0.00%,0,78,2.124B,10.38
VLA.SG,Voltalia SA,15.76,+0.14,+0.90%,0,0,2.124B,98.50
MVV1.DE,MVV Energie AG,31.60,+1.00,+3.27%,759,654,2.083B,3.00
C3TA.F,Central Puerto S.A.,6.60,+0.30,+4.76%,154,96,2.077B,28.70
76W.SG,SJW Group,65.50,+0.50,+0.77%,10,1,2.058B,23.73
MVV1.F,MVV Energie AG,31.20,-0.60,-1.89%,200,14,2.056B,2.94
CH5.F,Chesapeake Utilities Corporation,115.00,0.00,0.00%,10,0,2.053B,24.95
ECGF.F,Electricity Generating Public Company Limited,3.6000,-0.0400,-1.10%,400,0,1.963B,120.00
PGB1.F,PT Perusahaan Gas Negara Tbk,0.0715,+0.0005,+0.70%,"1,000",26,1.943B,7.15
7JU.F,ReNew Energy Global Plc,5.11,+0.09,+1.79%,300,63,2.103B,N/A
MJVC.F,Zhongyu Energy Holdings Limited,0.6800,-0.0150,-2.16%,N/A,0,1.925B,68.00
3IX.F,Innergex Renewable Energy Inc.,9.20,+0.10,+1.10%,120,0,1.891B,N/A
4DA.F,OX2 AB (publ),6.68,+0.09,+1.44%,19,63,1.856B,19.66
AOR.F,"Solaria Energía y Medio Ambiente, S.A.",13.73,+0.44,+3.35%,10,36,1.75B,18.07
BJ6.F,"Beijing Jingneng Clean Energy Co., Limited",0.2100,+0.0020,+0.96%,"10,000",96,1.799B,5.25
59W.F,"Toho Gas Co., Ltd.",16.20,0.00,0.00%,100,0,1.723B,8.95
RN4.F,"REN - Redes Energéticas Nacionais, SGPS, S.A.",2.5150,+0.0100,+0.40%,"1,000",204,1.685B,11.43
8SP.F,Superior Plus Corp.,6.61,+0.03,+0.52%,200,21,1.649B,N/A
FCW3.SG,Alerion Clean Power S.p.A.,29.50,+0.30,+1.03%,0,0,1.622B,22.35
FCW3.F,Alerion Clean Power S.p.A.,29.55,-0.05,-0.17%,100,2,1.6B,22.22
NG0.F,"Nippon Gas Co., Ltd.",12.70,-0.10,-0.78%,50,14,1.461B,24.42
IGV0.F,AB Ignitis grupe,19.70,0.00,0.00%,30,1,1.44B,3.85
T8T.F,Telecom Plus Plc,17.48,+0.46,+2.70%,1,15,1.389B,24.97
PGJ.F,Towngas Smart Energy Company Limited,0.3960,+0.0240,+6.45%,"1,439",25,1.369B,19.80
76N.SG,Kenon Holdings Ltd.,23.20,+0.20,+0.87%,0,0,1.285B,N/A
06Y.F,Polenergia S.A.,18.32,-0.44,-2.35%,300,0,1.224B,46.97
CUBB.F,China Water Affairs Group Limited,0.7080,+0.0030,+0.43%,"3,000","2,936",1.172B,5.45
6WL.F,"Shanghai Dazhong Public Utilities(Group) Co.,Ltd.",0.1490,0.0000,0.00%,"5,000",0,1.097B,14.90
I6B.SG,Enefit Green AS,4.1600,+0.0020,+0.05%,0,0,1.138B,4.08
PNE3.F,PNE AG,14.12,-0.30,-2.08%,50,"1,330",1.078B,N/A
PNE3.DE,PNE AG,14.14,0.00,0.00%,"76,825","155,694",1.079B,N/A
EKT.DE,Energiekontor AG,73.90,+1.60,+2.21%,"12,355","14,359",1.033B,23.54
EKT.F,Energiekontor AG,73.40,+1.90,+2.66%,88,158,1.026B,22.38
6HO.F,Hokuriku Electric Power Company,4.8000,-0.0800,-1.64%,110,0,1.016B,N/A
66T.F,Scatec ASA,6.19,-0.01,-0.16%,"2,000",108,983.696M,N/A
1T5.F,TAURON Polska Energia S.A.,0.5466,+0.0136,+2.55%,"8,000",269,1.001B,N/A
000.F,"Greenvolt - Energias Renováveis, S.A.",6.70,+0.11,+1.59%,100,56,940.211M,47.86
000.MU,"Greenvolt - Energias Renováveis, S.A.",6.70,+0.08,+1.13%,30,2,931.736M,47.82
PWD1.F,Empresa Distribuidora y Comercializadora Norte Sociedad Anónima,10.00,+0.30,+3.09%,120,2,921.784M,N/A
F1P.F,TTW Public Company Limited,0.2200,0.0000,0.00%,"16,400",366,908.323M,11.00
F1P2.F,TTW Public Company Limited,0.2220,-0.0020,-0.89%,10,0,900.357M,11.10
5IE.F,"Hokkaido Electric Power Company, Incorporated",3.8600,-0.0200,-0.52%,160,0,821.501M,N/A
8770.F,"Altus Power, Inc.",4.9600,+0.1000,+2.06%,200,3,788.59M,N/A
58S.F,ENEA S.A.,1.4000,+0.0220,+1.60%,75,1,752.352M,N/A
EN2.F,Energa SA,1.7700,-0.0050,-0.28%,99,2,752.05M,1.72
ETG.DE,EnviTec Biogas AG,50.00,-0.40,-0.79%,188,"3,655",742.5M,15.20
ETG.F,EnviTec Biogas AG,49.40,-0.60,-1.20%,10,108,742.393M,15.02
EYP.F,Athens Water Supply and Sewerage Company S.A.,6.77,0.00,0.00%,200,53,721.005M,135.40
8BCN.SG,BCPG Public Company Limited,0.2220,-0.0100,-4.31%,0,42,696.445M,11.10
HK51.F,Concord New Energy Group Limited,0.0740,-0.0010,-1.33%,"2,500","2,694",691.981M,7.40
TLJ.F,Tian Lun Gas Holdings Limited,0.6750,-0.0250,-3.57%,"1,000",17,675.891M,11.25
B2O.F,PT Cikarang Listrindo Tbk,0.0325,-0.0010,-2.99%,"2,000",0,665.191M,N/A
7Z2.F,Électricite de Strasbourg Société Anonyme,88.40,+1.20,+1.38%,1,0,633.774M,15.99
1KS.F,"Shizuoka Gas Co., Ltd.",7.95,0.00,0.00%,N/A,0,607.653M,6.31
54F.F,"Audax Renovables, S.A.",1.2840,+0.0160,+1.26%,"3,000",0,572.317M,128.40
YWA.SG,The York Water Company,39.00,+0.40,+1.04%,0,10,560.801M,31.20
ECEA.F,Societatea Energetica Electrica S.A.,6.35,0.00,0.00%,325,14,552.896M,4.77
9KJ.F,NX Filtration N.V.,10.48,+0.10,+0.96%,77,9,535.437M,N/A
GGI.F,"Beijing Energy International Holding Co., Ltd.",0.0171,+0.0003,+1.79%,"288,877",0,530.986M,N/A
AVA.F,Ascopiave S.p.A.,2.3650,-0.0200,-0.84%,57,1,522.088M,21.50
08M.F,Admie Holding S.A.,2.0850,+0.0350,+1.71%,"2,110",232,485.628M,8.02
XSG.F,"Saibu Gas Holdings Co.,Ltd.",13.30,-0.30,-2.21%,40,0,508.174M,7.27
5LIA.SG,Light S.A.,1.0500,+0.0200,+1.94%,0,0,504.074M,N/A
6HF.F,"eREX Co.,Ltd.",7.55,+0.25,+3.42%,100,8,450.813M,8.88
BIU2.F,China Everbright Water Limited,0.1340,-0.0010,-0.74%,"1,000",642,419.967M,3.35
08M.SG,Admie Holding S.A.,2.0200,+0.0680,+3.48%,0,0,468.64M,15.42
8610.F,"Energy Vault Holdings, Inc.",2.5700,-0.1050,-3.93%,1,"1,515",364.704M,N/A
A9W1.F,SIIC Environment Holdings Ltd.,0.1240,+0.0020,+1.64%,"1,020",43,361.543M,3.10
3UG.F,Zheneng Jinjiang Environment Holding Company Limited,0.1690,-0.0020,-1.17%,"2,800",0,296.544M,4.22
UMA.F,AS Latvijas Gaze,8.36,+0.06,+0.72%,23,0,347.962M,9.72
52K.F,Cloudberry Clean Energy ASA,1.1600,+0.0600,+5.45%,"7,558","1,829",342.261M,16.57
CW2.F,Consolidated Water Co. Ltd.,20.40,+0.40,+2.00%,400,72,336.963M,34.00
6GE.F,Genie Energy Ltd.,12.70,-0.20,-1.55%,260,13,333.986M,7.02
CK7.F,China Everbright Greentech Limited,0.1450,+0.0020,+1.40%,"4,000",70,320.762M,7.25
LYV.F,Orrön Energy AB (publ),1.0460,-0.0280,-2.61%,"1,540",732,299.078M,10.46
89W.F,"Grupo Ecoener, S.A.",4.6500,-0.0200,-0.43%,"1,100",24,269.844M,15.00
7XZ.F,Ekopak NV,17.50,+0.05,+0.29%,6,0,266.886M,N/A
2ZC.F,Cadiz Inc.,3.9800,-0.1000,-2.45%,10,81,265.429M,N/A
KO32.F,Beijing Gas Blue Sky Holdings Limited,0.0090,0.0000,0.00%,500,297,248.222M,N/A
A1T.F,AS Tallinna Vesi,11.90,+0.05,+0.42%,300,7,243.021M,26.44
WS7A.F,Binhai Investment Company Limited,0.1650,-0.0010,-0.60%,21,0,238.821M,5.50
1ZK.F,Elmera Group ASA,2.0500,-0.0100,-0.49%,"2,000",56,222.7M,29.29
6W6.F,ZE PAK SA,4.2750,-0.1400,-3.17%,4,0,225.399M,N/A
4QX.F,Groupe OKwind Société anonyme,26.80,+1.10,+4.28%,250,83,220.629M,99.26
7ES1.F,Eastern Water Resources Development and Management Public Company Limited,0.1200,0.0000,0.00%,"1,000",17,220.426M,12.00
4QX.SG,Groupe OKwind Société anonyme,26.40,+1.10,+4.35%,0,4,217.336M,97.78
9QW.F,Hydrogène de France Société anonyme,15.10,+0.60,+4.14%,4,2,217.804M,N/A
84H.F,"Sichuan Energy Investment Development Co., Ltd.",0.1970,+0.0010,+0.51%,"5,000",0,212.098M,4.93
NUR.SG,Ellomay Capital Ltd.,15.60,+0.90,+6.12%,0,0,215.063M,N/A
AMH.F,AB Amber Grid,1.1500,-0.0100,-0.86%,50,0,213.982M,16.43
NUR.F,Ellomay Capital Ltd.,15.40,-0.20,-1.28%,600,0,208.197M,N/A
N4T.F,Polaris Renewable Energy Inc.,9.65,-0.10,-1.03%,50,4,207.33M,50.79
H3O1.F,H2O Innovation Inc.,2.1500,+0.1500,+7.50%,900,288,195.083M,71.67
4SM.F,Magnora ASA,2.6300,+0.0150,+0.57%,352,310,176.573M,43.83
7VZ.F,Altius Renewable Royalties Corp.,6.10,0.00,0.00%,200,0,192.199M,N/A
7GZ.F,Tidewater Renewables Ltd.,5.40,-0.10,-1.82%,"1,000",56,189.835M,N/A
A4W.F,Arise AB (publ),4.1500,-0.1300,-3.04%,20,954,186.307M,2.59
ABO.DE,clearvise AG,2.3900,0.0000,0.00%,"1,000","18,226",180.1M,15.93
DH4.F,"Energy Solar Tech, S.A.",6.51,+0.05,+0.77%,10,4,178.364M,65.10
ABO.F,clearvise AG,2.3400,0.0000,0.00%,"2,500",366,177.839M,14.62
ABO.MU,clearvise AG,2.3400,0.0000,0.00%,"1,600",106,177.839M,14.62
ABO.DU,clearvise AG,2.3400,-0.0300,-1.27%,400,42,176.332M,14.62
27K.F,Kangda International Environmental Company Limited,0.0445,+0.0015,+3.49%,"12,107",0,62.053M,1.44
256.SG,Azure Power Global Limited,1.4970,-0.0580,-3.73%,0,35,97.851M,N/A
3LUA.F,Green Hydrogen Systems A/S,1.6400,-0.0940,-5.42%,"3,104",269,257.309M,N/A
GPO.F,Genex Power Limited,0.0995,+0.0005,+0.51%,"2,000",81,142.754M,1.99
54O.F,ALTEO Energy Services Public Limited Company,6.86,-0.02,-0.29%,"2,900",50,141.812M,3.90
54O.SG,ALTEO Energy Services Public Limited Company,6.86,-0.06,-0.87%,0,0,141.404M,3.90
0AS.SG,Entech SA,9.70,-0.12,-1.22%,0,0,142.927M,N/A
5JT.F,Innovatec S.p.A.,1.4130,-0.0320,-2.21%,135,131,140.231M,12.85
9UG.F,Integrated Wind Solutions ASA,3.1800,-0.0600,-1.85%,"1,000",0,126.228M,N/A
GY2.F,SolarBank Corporation,4.5000,-0.7000,-13.46%,310,"1,851",122.909M,N/A
2ZO.F,Zespól Elektrocieplowni Wroclawskich KOGENERACJA S.A.,7.44,0.00,0.00%,N/A,0,116.126M,1.71
4H2.F,"Holaluz-Clidom, S.A.",4.9800,-0.2400,-4.60%,320,281,110.899M,99.60
4H2.MU,"Holaluz-Clidom, S.A.",4.7600,-0.3200,-6.30%,"1,000",70,104.007M,95.20
CAG0.HM,Clere AG,14.40,0.00,0.00%,750,765,112.143M,"1,440.00"
ZW1.F,Dala Energi AB (publ),4.4500,-0.0500,-1.11%,200,11,110.94M,14.83
00B.F,Aquaporin A/S,9.68,-0.08,-0.82%,15,2,106.35M,N/A
04B.F,Green Impact Partners Inc.,5.25,-0.10,-1.87%,320,168,103.485M,N/A
27K.SG,Kangda International Environmental Company Limited,0.0440,+0.0015,+3.53%,0,0,112.189M,4.40
X1B.F,Haffner Energy S.A.,2.0650,+0.1190,+6.12%,300,5,96.076M,N/A
J4Q5.F,Invinity Energy Systems plc,0.5000,+0.0220,+4.60%,"1,000",825,96.07M,N/A
256.F,Azure Power Global Limited,1.3990,+0.0190,+1.38%,300,110,95.987M,N/A
FHW.F,Fernheizwerk Neukölln Aktiengesellschaft,39.00,0.00,0.00%,495,80,89.7M,N/A
8900.F,Memiontec Holdings Ltd.,0.1050,-0.0050,-4.55%,"3,556","1,532",83.32M,N/A
PUQ.F,Westbridge Renewable Energy Corp.,0.7750,-0.0300,-3.73%,570,"1,385",79.993M,N/A
KOJ5.F,Kong Sun Holdings Limited,0.0050,+0.0005,+11.11%,"10,000",0,84.206M,N/A
TJI.F,GCL New Energy Holdings Limited,0.0650,+0.0070,+12.07%,165,287,75.884M,N/A
3SQ1.F,AHT Syngas Technology N.V.,33.80,+1.60,+4.97%,"2,060",621,72.67M,N/A
SLE.F,"Via Renewables, Inc.",9.83,-0.05,-0.51%,1,0,71.54M,N/A
7MN.F,Minesto AB (publ),0.3750,+0.0085,+2.32%,"3,810",135,61.257M,N/A
1DK.SG,Global Bioenergies SA,3.7450,+0.1350,+3.74%,0,83,58.92M,N/A
Y21.F,Eneraqua Technologies plc,1.6700,+0.2200,+15.17%,50,8,57.298M,6.42
6Z8.F,eVISO S.p.A.,2.2300,-0.0100,-0.45%,"1,270",0,56.048M,N/A
HAU2.SG,China Water Industry Group Limited,0.0195,0.0000,0.00%,0,0,56.035M,N/A
J6J.F,ATOME Energy PLC,1.2400,+0.0600,+5.08%,100,3,51.243M,N/A
20X.F,Figene Capital S.A.,0.1990,+0.0010,+0.51%,N/A,0,47.585M,N/A
CT1.F,China Energine International (Holdings) Limited,0.0100,+0.0005,+5.26%,"36,000","2,297",43.69M,N/A
PPL.F,PannErgy Nyrt.,2.9200,+0.0800,+2.82%,200,28,46.598M,12.17
2WI.F,"Yunnan Water Investment Co., Limited",0.0250,0.0000,0.00%,"5,000",157,42.16M,N/A
9S0.F,Aqua Spólka Akcyjna,3.3600,+0.0200,+0.60%,300,1,44.104M,19.76
WVJ.SG,AB Kauno Energija,0.8600,-0.0100,-1.15%,0,0,41.041M,3.91
7ST0.F,Advanced Soltech Sweden AB (publ),0.8580,-0.0030,-0.35%,100,1,34.011M,N/A
0UG1.F,UGE International Ltd.,0.9900,+0.0550,+5.88%,362,42,35.691M,N/A
60P.F,Fusion Fuel Green PLC,2.0400,-0.1000,-4.67%,350,79,33.684M,N/A
ZI3.F,Waroona Energy Inc.,0.0282,0.0000,0.00%,N/A,0,31.869M,N/A
L5Q.F,Charwood Energy SA,5.88,+0.14,+2.44%,444,7,30.718M,N/A
OW7.F,Ocean Sun AS,0.5600,+0.0080,+1.45%,360,99,26.86M,N/A
OW7.MU,Ocean Sun AS,0.5520,+0.0080,+1.47%,65,0,26.18M,N/A
KEH.F,Chinese People Holdings Company Limited,0.0015,-0.0005,-25.00%,"9,962",0,25.43M,N/A
TI5.F,algoWatt S.p.A.,0.5490,-0.0260,-4.52%,363,8,25.296M,N/A
DCL.F,Climeon AB (publ),0.2340,+0.0035,+1.52%,"1,300",690,23.696M,N/A
S12.F,Spark Power Group Inc.,0.2440,-0.0020,-0.81%,"1,000",0,22.649M,N/A
9PS.MU,Agripower France SA,5.20,0.00,0.00%,500,7,19.204M,43.33
TI5.SG,TerniEnergia S.p.A.,0.5750,-0.0020,-0.35%,0,0,28.114M,N/A
3SH.F,Shunfeng International Clean Energy Limited,0.0010,0.0000,0.00%,3,0,17.359M,N/A
4AZ.F,Azelio AB (publ),0.0434,-0.0009,-2.03%,"2,000",35,15.953M,N/A
CR9.F,Smart Powerr Corp.,1.7700,-0.0400,-2.21%,100,0,13.618M,N/A
PM7.F,ReVolve Renewable Power Corp.,0.2380,-0.0040,-1.65%,100,33,13.462M,5.95
OCE.F,Cortus Energy AB (publ),0.0039,-0.0025,-39.06%,"50,000","1,298",13.029M,N/A
EBGK.HM,Aleia Holding AG,0.6900,0.0000,0.00%,"1,274","5,452",12.802M,N/A
CNM1.F,Carnegie Clean Energy Limited,0.0008,0.0000,0.00%,"50,000","38,947",12.514M,N/A
1KW0.F,Eco Wave Power Global AB (publ),2.1400,0.0000,0.00%,350,31,12.54M,N/A
7K8.F,SIMEC Atlantis Energy Limited,0.0140,+0.0060,+75.00%,"53,233","6,280",14.341M,N/A
9NK.F,Clean TeQ Water Limited,0.1500,0.0000,0.00%,12,0,9.414M,N/A
5JS1.F,Agatos S.p.A.,0.4295,-0.0005,-0.12%,"3,600",0,9.049M,N/A
V5X.F,Synex Renewable Energy Corporation,1.4900,-0.0200,-1.32%,800,14,6.221M,N/A
82T.F,Aega ASA,0.0512,-0.0030,-5.54%,520,0,4.641M,N/A
6H6.F,Dlaboratory Sweden AB (publ),0.2250,+0.0070,+3.21%,400,0,4.386M,N/A
7R3.F,Clean Industry Solutions Holding Europe AB,0.1025,-0.0010,-0.97%,"1,000",0,2.928M,N/A
EA2.F,EAM Solar ASA,0.4080,-0.0130,-3.09%,100,92,2.796M,N/A
X92.F,ZAZZ Energy of Sweden AB (publ),0.0064,-0.0003,-4.48%,"21,000",368,"846,176",N/A
97D.F,MAST Energy Developments PLC,0.0015,-0.0100,-86.96%,"10,000",0,"528,282",N/A
VRQ0.F,Vergnet SA,0.0005,0.0000,0.00%,"600,000",66,21,N/A
KEH.MU,Chinese People Holdings Co Ltd,0.0050,0.0000,0.00%,"50,000",0,N/A,N/A
256.MU,Azure Power Global Ltd,1.4830,-0.2320,-13.53%,950,0,N/A,N/A
AOR.DU,Solaria Energia y Medio Ambiente SA,13.86,+0.40,+3.01%,100,0,N/A,N/A
RWEA.MU,RWE AG,40.20,0.00,0.00%,25,76,N/A,N/A
MRY.SG,Mercury NZ Ltd,3.4600,0.0000,0.00%,0,1,N/A,N/A
69J.MU,Opdenergy Holding SA,5.54,0.00,0.00%,N/A,0,N/A,N/A
KEH.SG,Chinese People Holdings Co Ltd,0.0020,0.0000,0.00%,0,"1,664",N/A,N/A
PCG6.F,Pacific Gas and Electric Company,19.70,-0.20,-1.01%,N/A,0,N/A,11.49
9QW.MU,Hydrogen De France,15.46,+1.24,+8.72%,40,1,N/A,N/A
15M1.SG,Meridian Energy Ltd,2.9000,-0.0600,-2.03%,0,198,N/A,N/A
LEC.DU,Lechwerke AG,96.50,+1.00,+1.05%,30,2,N/A,N/A
BZB.MU,Contact Energy Ltd,4.5600,-0.0200,-0.44%,220,9,N/A,N/A
PPL.DU,PannErgy Plc,2.9000,-0.0100,-0.34%,N/A,0,N/A,N/A
T7P.F,TPC Consolidated Ltd,2.7800,0.0000,0.00%,500,8,N/A,N/A
ECV.HA,Encavis AG,15.78,-0.02,-0.13%,85,11,N/A,N/A
OPB.BE,OPG Power Ventures PLC,0.0945,0.0000,0.00%,0,0,N/A,N/A
WHS.SG,Kalina Power Ltd,0.0035,0.0000,0.00%,0,350,N/A,N/A
WHS.SG,Kalina Power Ltd,0.0035,0.0000,0.00%,0,350,N/A,N/A
PPL.DU,PannErgy Plc,2.9000,-0.0100,-0.34%,N/A,0,N/A,N/A
15M1.SG,Meridian Energy Ltd,2.9000,-0.0600,-2.03%,0,198,N/A,N/A
9QW.MU,Hydrogen De France,15.46,+1.24,+8.72%,40,1,N/A,N/A
PCG6.F,Pacific Gas and Electric Company,19.70,-0.20,-1.01%,N/A,0,N/A,11.49
7MN.MU,Minesto AB,0.3920,+0.0300,+8.29%,"2,000",147,N/A,N/A
SD6.MU,Enlight Renewable Energy Ltd,18.17,+0.24,+1.34%,76,6,N/A,N/A
751.MU,Algonquin Power & Utilities Corp,7.66,-0.11,-1.47%,500,28,N/A,N/A
SAJA.SG,Companhia De Saneamento Basico Do Estado De Sao Paulo,10.10,0.00,0.00%,0,20,N/A,N/A
X1B.SG,Haffner Energy SA,2.0350,+0.0150,+0.74%,0,0,N/A,N/A
GZFB.SG,Engie SA,14.30,+0.30,+2.14%,0,40,N/A,N/A
0C2.SG,Chubu Electric Power Co Inc,10.90,-0.10,-0.91%,0,39,N/A,N/A
0AS.F,Entech SA,9.82,-0.04,-0.41%,5,0,N/A,N/A
3U4.F,SulNOx Group PLC,0.0770,+0.0120,+18.46%,"1,000",0,N/A,N/A
GPO.SG,Genex Power Ltd,0.0965,-0.0005,-0.52%,0,0,N/A,N/A
48Z.BE,Invinity Energy Systems PLC,41.73,-0.17,-0.41%,114,0,N/A,N/A
CENB.SG,Centrica PLC,1.3200,-0.0400,-2.94%,0,933,N/A,N/A
SAJA.BE,Companhia De Saneamento Basico Do Estado De Sao Paulo,10.10,-0.10,-0.98%,600,0,N/A,N/A
62L.DU,Norsk Solar AS,0.1415,-0.0015,-1.05%,"40,000",0,N/A,N/A
RWE.DU,RWE AG,40.42,+0.42,+1.05%,20,202,N/A,N/A
AEP.DU,American Electric Power Co Inc,77.92,+0.86,+1.12%,1,0,N/A,N/A
ECV.MU,Encavis AG,15.81,+0.03,+0.19%,2,323,N/A,N/A
T8T.BE,Telecom Plus PLC,17.64,+0.30,+1.73%,300,0,N/A,N/A
T9W.SG,Thessaloniki Water Supply & Sewerage Co SA,3.4900,-0.0700,-1.97%,0,0,N/A,N/A
RWE.HM,RWE AG,40.71,+0.99,+2.49%,"2,228",617,N/A,N/A
MNV6.SG,Mainova AG,515.00,+10.00,+1.98%,0,0,N/A,N/A
6PG.BE,Polska Grupa Energetyczna SA,1.6440,+0.0335,+2.08%,"1,000",0,N/A,N/A
RWEA.BE,RWE AG,40.40,+0.40,+1.00%,100,11,N/A,N/A
9NK.BE,Clean Teq Water Ltd,0.1520,-0.0140,-8.43%,750,0,N/A,N/A
EBK.SG,EnBW Energie Baden-Wuerttemberg AG,85.00,-2.00,-2.30%,0,79,N/A,N/A
LEC.BE,Lechwerke AG,97.00,-0.50,-0.51%,10,0,N/A,N/A
FOT.SG,Fortum Oyj,13.06,-0.05,-0.38%,0,182,N/A,N/A
1NR.BE,Northland Power Inc,18.96,+0.10,+0.53%,50,0,N/A,N/A
WT5.HA,California Water Service Group,47.60,+0.20,+0.42%,N/A,0,N/A,N/A
AEO.HA,Atmos Energy Corp,106.30,-0.80,-0.75%,N/A,0,N/A,N/A
EDP.MU,EDP - Energias de Portugal SA,4.6230,0.0000,0.00%,"1,101",23,N/A,N/A
9C6.BE,China Suntien Green Energy Corp Ltd,0.3240,+0.0020,+0.62%,"6,250",0,N/A,N/A
AOR.BE,Solaria Energia y Medio Ambiente SA,13.46,+0.09,+0.67%,270,0,N/A,N/A
NY4B.MU,Clearway Energy Inc,26.40,-0.40,-1.49%,50,31,N/A,N/A
H3O1.BE,H2O Innovation Inc,2.0700,+0.0700,+3.50%,"1,665",29,N/A,N/A
1ZK.MU,Elmera Group ASA,2.0740,-0.0040,-0.19%,"2,500",52,N/A,N/A
TOG.SG,Tokyo Gas Co Ltd,20.40,-0.40,-1.92%,"1,000",6,N/A,N/A
FP3.DU,NextEra Energy Inc,68.19,+0.52,+0.77%,75,31,N/A,N/A
D9F2.SG,Drax Group PLC,6.59,0.00,0.00%,0,7,N/A,N/A
IBE1.MU,Iberdrola SA,11.57,+0.06,+0.56%,1,152,N/A,N/A
OT4.SG,Otter Tail Corp,68.50,-0.50,-0.72%,0,0,N/A,N/A
CEZA.MU,CEZ a.s,22.60,0.00,0.00%,30,2,N/A,N/A
MVV1.SG,MVV Energie AG,31.40,+0.80,+2.61%,536,107,N/A,N/A
D2G1.SG,Orsted A/S,29.40,+0.80,+2.80%,0,0,N/A,N/A
ENL.SG,Enel SpA,6.11,-0.02,-0.28%,200,"9,195",N/A,N/A
FJG.MU,Electric Power Development Co Ltd,13.70,-0.10,-0.72%,50,0,N/A,N/A
AES.SG,The AES Corp,19.74,+0.62,+3.27%,0,7,N/A,N/A
FE7.DU,FirstEnergy Corp,35.51,-0.05,-0.14%,50,0,N/A,N/A
HNM.DU,Ormat Technologies Inc,78.45,+0.10,+0.13%,10,0,N/A,N/A
PM7.MU,ReVolve Renewable Power Corp,0.2640,0.0000,0.00%,"1,000",17,N/A,N/A
NRN.MU,Xcel Energy Inc,58.31,+0.19,+0.33%,34,1,N/A,N/A
RN4.DU,REN-Redes Energeticas Nacionais Sgps SA,2.5150,+0.0100,+0.40%,"4,340",0,N/A,N/A
TZ8.BE,Iren SpA,1.8600,+0.0180,+0.98%,700,0,N/A,N/A
CLP.BE,CLP Holdings Ltd,6.70,+0.15,+2.29%,"2,000",0,N/A,N/A
12F.DU,Fortis Inc,39.14,+0.24,+0.62%,20,1,N/A,N/A
LGX1.MU,China Resources Gas Group Ltd,3.2800,0.0000,0.00%,300,0,N/A,N/A
L3XA.SG,Centrais Eletricas Brasileiras SA,8.25,+0.10,+1.23%,0,53,N/A,N/A
D2MN.BE,Duke Energy Corp,83.70,-0.20,-0.24%,2,0,N/A,N/A
OT4.BE,Otter Tail Corp,68.50,-1.00,-1.44%,N/A,0,N/A,N/A
EDW.HA,EDP Renovaveis SA,19.22,-0.04,-0.21%,10,0,N/A,N/A
AY1.SG,Alliant Energy Corp,49.40,+0.40,+0.82%,0,0,N/A,N/A
PNE3.DU,PNE AG,14.14,0.00,0.00%,100,37,N/A,N/A
RN4.SG,REN-Redes Energeticas Nacionais Sgps SA,2.5150,-0.0050,-0.20%,0,53,N/A,N/A
AEBA.DU,ALLETE Inc,54.50,+0.50,+0.93%,N/A,0,N/A,N/A
WS7A.SG,Binhai Investment Co Ltd,0.1640,-0.0010,-0.61%,0,0,N/A,N/A
BHI.DU,Black Hills Corp,56.00,0.00,0.00%,100,0,N/A,N/A
EDC.DE,Consolidated Edison Inc,86.00,+0.90,+1.06%,6,4,25.284B,22.39
EOAA.BE,E.ON SE,11.30,+0.20,+1.80%,"3,200",135,N/A,N/A
6WX.SG,China Longyuan Power Group Corp Ltd,0.9886,+0.0136,+1.39%,0,760,N/A,N/A
6WX0.MU,China Longyuan Power Group Corp Ltd,9.85,0.00,0.00%,71,0,N/A,N/A
WS7A.MU,Binhai Investment Co Ltd,0.1910,0.0000,0.00%,"2,000",35,N/A,N/A
OSA.DU,Osaka Gas Co Ltd,14.20,-0.10,-0.70%,1,0,N/A,N/A
HUP1.MU,Huaneng Power International Inc,0.5200,-0.0050,-0.95%,"10,000",0,N/A,N/A
AOR.MU,Solaria Energia y Medio Ambiente SA,13.50,+0.06,+0.45%,100,15,N/A,N/A
HUP1.DU,Huaneng Power International Inc,0.5100,-0.0200,-3.77%,"60,000",0,N/A,N/A
C3TA.BE,Central Puerto SA,6.65,+0.30,+4.72%,N/A,0,N/A,N/A
SOT.SG,Southern Co,65.94,+0.72,+1.10%,0,16,N/A,N/A
PPL.BE,PannErgy Plc,2.9200,+0.0800,+2.82%,"2,200",0,N/A,N/A
I10.SG,Italgas SpA,5.55,+0.11,+2.02%,0,17,4.832B,N/A
UUEC.SG,United Utilities Group PLC,12.10,+0.10,+0.83%,0,61,N/A,N/A
TZ8.MU,Iren SpA,1.8630,0.0000,0.00%,100,1,N/A,N/A
IBE1.HM,Iberdrola SA,11.56,+0.02,+0.17%,875,163,N/A,N/A
44T.DU,Terna Energy SA,19.64,+0.11,+0.56%,50,0,N/A,N/A
SCT.DU,SSE PLC,21.60,+0.40,+1.89%,100,0,N/A,N/A
CLP.SG,CLP Holdings Ltd,6.60,+0.05,+0.76%,0,40,N/A,N/A
OSA.BE,Osaka Gas Co Ltd,14.30,-0.20,-1.38%,200,0,N/A,N/A
GGI.BE,Beijing Energy International Holding Co Ltd,0.0172,+0.0004,+2.38%,500,0,N/A,N/A
EOAN.HA,E.ON SE,11.39,+0.22,+1.97%,20,878,N/A,N/A
TZ8.SG,Iren SpA,1.7320,+0.0120,+0.70%,0,0,N/A,N/A
NOU.MU,NiSource Inc,25.00,-0.10,-0.40%,60,0,N/A,N/A
XGH.SG,ENN Energy Holdings Ltd,12.10,+0.20,+1.68%,0,11,N/A,N/A
NNGF.MU,National Grid PLC,12.30,+0.10,+0.82%,"1,000",17,N/A,N/A
ECV.BE,Encavis AG,16.04,+0.18,+1.13%,150,39,N/A,N/A
ETY.DU,Entergy Corp,92.50,0.00,0.00%,4,0,N/A,N/A
ETG.BE,EnviTec Biogas AG,50.20,0.00,0.00%,200,7,N/A,N/A
4DA.DU,OX2 AB,6.55,-0.03,-0.53%,100,1,N/A,N/A
PP9.SG,PPL Corp,24.88,+0.22,+0.89%,0,0,N/A,N/A
EDP.MU,EDP - Energias de Portugal SA,4.6230,0.0000,0.00%,"1,101",23,N/A,N/A
C3TA.BE,Central Puerto SA,6.65,+0.30,+4.72%,N/A,0,N/A,N/A
SOT.SG,Southern Co,65.94,+0.72,+1.10%,0,16,N/A,N/A
1NR.DU,Northland Power Inc,18.94,+0.12,+0.64%,100,4,N/A,N/A
OT4.F,Otter Tail Corp,68.00,-1.00,-1.45%,30,0,N/A,N/A
PNE3.DU,PNE AG,14.14,0.00,0.00%,100,37,N/A,N/A
RN4.SG,REN-Redes Energeticas Nacionais Sgps SA,2.5150,-0.0050,-0.20%,0,53,N/A,N/A
AEBA.DU,ALLETE Inc,54.50,+0.50,+0.93%,N/A,0,N/A,N/A
1NR.BE,Northland Power Inc,18.96,+0.10,+0.53%,50,0,N/A,N/A
WS7A.SG,Binhai Investment Co Ltd,0.1640,-0.0010,-0.61%,0,0,N/A,N/A
FDK.DU,American States Water Co,79.55,+0.85,+1.08%,4,0,N/A,N/A
9C6.BE,China Suntien Green Energy Corp Ltd,0.3240,+0.0020,+0.62%,"6,250",0,N/A,N/A
AOR.BE,Solaria Energia y Medio Ambiente SA,13.46,+0.09,+0.67%,270,0,N/A,N/A
HUP1.DU,Huaneng Power International Inc,0.5100,-0.0200,-3.77%,"60,000",0,N/A,N/A
PPL.BE,PannErgy Plc,2.9200,+0.0800,+2.82%,"2,200",0,N/A,N/A
H3O1.BE,H2O Innovation Inc,2.0700,+0.0700,+3.50%,"1,665",29,N/A,N/A
TOG.SG,Tokyo Gas Co Ltd,20.40,-0.40,-1.92%,"1,000",6,N/A,N/A
FP3.DU,NextEra Energy Inc,68.19,+0.52,+0.77%,75,31,N/A,N/A
1ZK.MU,Elmera Group ASA,2.0740,-0.0040,-0.19%,"2,500",52,N/A,N/A
D9F2.SG,Drax Group PLC,6.59,0.00,0.00%,0,7,N/A,N/A
44T.DU,Terna Energy SA,19.64,+0.11,+0.56%,50,0,N/A,N/A
EOAA.BE,E.ON SE,11.30,+0.20,+1.80%,"3,200",135,N/A,N/A
SCT.DU,SSE PLC,21.60,+0.40,+1.89%,100,0,N/A,N/A
IBE1.MU,Iberdrola SA,11.57,+0.06,+0.56%,1,152,N/A,N/A
OT4.SG,Otter Tail Corp,68.50,-0.50,-0.72%,0,0,N/A,N/A
MVV1.SG,MVV Energie AG,31.40,+0.80,+2.61%,536,107,N/A,N/A
D2G1.SG,Orsted A/S,29.40,+0.80,+2.80%,0,0,N/A,N/A
ENL.SG,Enel SpA,6.11,-0.02,-0.28%,200,"9,195",N/A,N/A
FJG.MU,Electric Power Development Co Ltd,13.70,-0.10,-0.72%,50,0,N/A,N/A
OSA.BE,Osaka Gas Co Ltd,14.30,-0.20,-1.38%,200,0,N/A,N/A
HNM.DU,Ormat Technologies Inc,78.45,+0.10,+0.13%,10,0,N/A,N/A
GGI.BE,Beijing Energy International Holding Co Ltd,0.0172,+0.0004,+2.38%,500,0,N/A,N/A
EOAN.HA,E.ON SE,11.39,+0.22,+1.97%,20,878,N/A,N/A
TZ8.SG,Iren SpA,1.7320,+0.0120,+0.70%,0,0,N/A,N/A
LYV.DU,Orron Energy AB,1.0570,-0.0020,-0.19%,500,0,N/A,N/A
WIC.DU,WEC Energy Group Inc,83.40,+0.20,+0.24%,5,0,N/A,N/A
DOD.SG,Dominion Energy Inc,49.20,+0.92,+1.90%,0,6,N/A,N/A
DGY.DU,DTE Energy Co,103.00,0.00,0.00%,50,0,N/A,N/A
CHH.BE,CK Infrastructure Holdings Ltd,4.8120,-0.1480,-2.98%,100,1,N/A,N/A
3LUA.BE,Green Hydrogen Systems A/S,1.6880,-1.6870,-49.99%,300,0,N/A,N/A
DCA.BE,ACEA SpA,13.58,-0.03,-0.22%,454,0,N/A,N/A
LGR.MU,Spire Inc,58.50,-1.00,-1.68%,100,23,N/A,N/A
EOAN.HM,E.ON SE,11.41,+0.20,+1.83%,"17,060","5,675",N/A,N/A
DCA.MU,ACEA SpA,13.59,-0.05,-0.37%,"1,000",20,N/A,N/A
HAU2.F,China Water Industry Group Ltd,0.0150,-0.0015,-9.09%,"25,000",963,N/A,N/A
52K.MU,Cloudberry Clean Energy ASA,1.1400,-0.0200,-1.72%,"1,865",304,N/A,N/A
CID.DU,Energy Company of Minas Gerais,2.3600,+0.0400,+1.72%,"2,562",0,N/A,N/A
44T.HA,Terna Energy SA,19.74,-0.04,-0.20%,100,1,N/A,N/A
04B.BE,Green Impact Partners Inc,5.25,-0.10,-1.87%,10,0,N/A,N/A
WWG.MU,Gelsenwasser AG,985.00,+45.00,+4.79%,2,2,N/A,N/A
PNE3.HA,PNE AG,14.12,-0.16,-1.12%,"1,700",29,N/A,N/A
HEH.BE,Power Assets Holdings Ltd,4.8800,+0.0400,+0.83%,378,0,N/A,N/A
PNE3.BE,PNE AG,14.12,-0.16,-1.12%,488,35,N/A,N/A
EKT.DU,Energiekontor AG,73.30,+1.20,+1.66%,15,10,N/A,N/A
MVV1.BE,MVV Energie AG,30.60,-1.20,-3.77%,100,2,N/A,N/A
5BP.DU,Corporacion Acciona Energias Renovables SA,31.94,+0.16,+0.50%,360,0,N/A,N/A
PWC.DU,Pinnacle West Capital Corp,75.58,+0.04,+0.05%,100,0,N/A,N/A
D2MN.MU,Duke Energy Corp,83.90,-0.10,-0.12%,100,1,N/A,N/A
VRQ1.F,Vergnet SA,0.6010,-0.2490,-29.29%,735,65,"31,283",N/A
PU8.SG,Public Power Corp SA,9.99,+0.12,+1.22%,0,17,N/A,N/A
SCT.DE,SSE PLC,22.00,+0.40,+1.85%,290,693,N/A,N/A
TJI.SG,GCL New Energy Holdings Ltd,0.0505,+0.0100,+24.69%,0,108,963.223M,N/A
3U6.SG,UGI Corp,25.47,+0.22,+0.87%,0,149,N/A,N/A
B3H.SG,Boralex Inc,25.75,+0.42,+1.66%,100,0,N/A,N/A
ECV.DU,Encavis AG,15.98,+0.21,+1.36%,200,77,N/A,N/A
7MN.DU,Minesto AB,0.3900,+0.0145,+3.86%,"1,500",0,N/A,N/A
0AS.DU,Entech SA,9.94,+0.26,+2.69%,N/A,0,N/A,N/A
BZB.SG,Contact Energy Ltd,4.3800,+0.0200,+0.46%,0,37,N/A,N/A
DCL.BE,Climeon AB,0.2490,+0.0015,+0.61%,"1,000",17,N/A,N/A
GY2.SG,SolarBank Corp,4.7200,-0.5800,-10.94%,"7,420","1,281",N/A,N/A
04B.MU,Green Impact Partners Inc,5.35,0.00,0.00%,9,46,N/A,N/A
E4S.MU,ELIA GROUP,115.40,+1.60,+1.41%,10,0,N/A,N/A
54F.BE,Audax Renovables SA,1.2800,+0.0200,+1.59%,100,0,N/A,N/A
VRQ0.BE,Vergnet SA,0.0030,0.0000,0.00%,N/A,0,N/A,N/A
TPO.SG,Tokyo Electric Power Co Holdings,3.2430,-0.0300,-0.92%,0,385,N/A,N/A
TL6.SG,Tianjin Jinran Public Utilities Co Ltd,0.0205,-0.0005,-2.38%,0,0,N/A,N/A
PU8.DU,Public Power Corp SA,10.07,+0.22,+2.23%,"1,000",0,N/A,N/A
0C2.DU,Chubu Electric Power Co Inc,10.70,-0.20,-1.83%,400,0,N/A,N/A
TI5.MU,algoWatt SpA,0.5490,-0.0080,-1.44%,"4,156",0,N/A,N/A
ENAA.MU,Endesa SA,10.50,0.00,0.00%,200,3,N/A,N/A
AY3.BE,Atlantica Sustainable Infrastructure PLC,21.81,+0.03,+0.14%,5,0,N/A,N/A
DCL.DU,Climeon AB,0.2585,+0.0185,+7.71%,"4,500",58,N/A,N/A
6AR0.F,The AES Corporation,74.65,+1.01,+1.37%,25,0,N/A,N/A
0UG1.MU,UGE International Ltd,1.0100,+0.0250,+2.54%,160,0,N/A,N/A
CIDA.SG,Energy Company of Minas Gerais,2.5800,+0.2800,+12.17%,0,51,N/A,N/A
NRA.MU,NRG Energy Inc,31.05,-0.35,-1.11%,46,0,N/A,N/A
CID.BE,Energy Company of Minas Gerais,2.3600,0.0000,0.00%,240,0,N/A,N/A
NOU.DU,NiSource Inc,24.80,-0.10,-0.40%,500,0,N/A,N/A
CUBB.SG,China Water Affairs Group Ltd,0.7065,+0.0135,+1.95%,"1,500","4,771",N/A,N/A
VQA.BE,Vector Ltd,2.1000,0.0000,0.00%,950,0,N/A,N/A
MRY.BE,Mercury NZ Ltd,3.5200,0.0000,0.00%,100,0,N/A,N/A
15M1.BE,Meridian Energy Ltd,3.0600,+0.0200,+0.66%,800,0,N/A,N/A
ENA.MU,Endesa SA,20.74,-0.06,-0.29%,250,18,N/A,N/A
ETG.HM,EnviTec Biogas AG,49.40,-0.10,-0.20%,4,4,N/A,N/A
MNV6.MU,Mainova AG,525.00,0.00,0.00%,1,0,N/A,N/A
GZF.DU,Engie SA,14.24,+0.10,+0.72%,50,66,N/A,N/A
WHS.F,Kalina Power Ltd,0.0005,0.0000,0.00%,"2,800",49,N/A,N/A
VRQ0.SG,Vergnet SA,3.8000,0.0000,0.00%,"250,000",7,N/A,N/A
0AS.DU,Entech SA,9.94,+0.26,+2.69%,N/A,0,N/A,N/A
GY2.SG,SolarBank Corp,4.7200,-0.5800,-10.94%,"7,420","1,281",N/A,N/A
DCL.BE,Climeon AB,0.2490,+0.0015,+0.61%,"1,000",17,N/A,N/A
FHW.BE,Fernheizwerk Neukoelln AG,39.80,-0.20,-0.50%,195,90,N/A,N/A
BVT.SG,Reliance Infrastructure Ltd,4.8400,-0.1600,-3.20%,0,1,N/A,N/A
S12.BE,Spark Power Group Inc,0.2740,+0.0180,+7.03%,N/A,0,N/A,N/A
SCT.SG,SSE PLC,21.80,+0.40,+1.87%,209,181,N/A,N/A
CHH.DU,CK Infrastructure Holdings Ltd,4.8100,+0.0360,+0.75%,50,0,N/A,N/A
3IX.BE,Innergex Renewable Energy Inc,9.10,-0.05,-0.55%,50,0,N/A,N/A
TZ8.DU,Iren SpA,1.8330,+0.0140,+0.77%,"1,000",17,N/A,N/A
F1P2.SG,TTW PCL,0.2300,0.0000,0.00%,0,0,N/A,N/A
FOT.MU,Fortum Oyj,13.15,0.00,0.00%,37,66,N/A,N/A
NNGF.SG,National Grid PLC,12.30,+0.30,+2.50%,285,353,N/A,N/A
EDW.DU,EDP Renovaveis SA,19.30,+0.10,+0.55%,60,0,N/A,N/A
ETY.BE,Entergy Corp,93.00,-0.50,-0.53%,2,0,N/A,N/A
XGH.BE,ENN Energy Holdings Ltd,12.10,+0.20,+1.68%,300,0,N/A,N/A
LYV.BE,Orron Energy AB,1.0470,-0.0265,-2.47%,"1,000",0,N/A,N/A
AV6.BE,Avista Corp,36.60,0.00,0.00%,20,0,N/A,N/A
L3X.BE,Centrais Eletricas Brasileiras SA,7.40,+0.05,+0.68%,196,11,N/A,N/A
6WX.BE,China Longyuan Power Group Corp Ltd,0.9718,+0.0258,+2.73%,500,8,N/A,N/A
PPL.MU,PannErgy Plc,2.9200,+0.0300,+1.04%,"1,800",31,N/A,N/A
1ZK.BE,Elmera Group ASA,2.0600,-0.0060,-0.29%,500,8,N/A,N/A
OG9.SG,ONE Gas Inc,71.00,-0.50,-0.70%,0,0,N/A,N/A
TZ1.DU,TransAlta Corp,8.85,+0.10,+1.14%,15,0,N/A,N/A
66T.BE,Scatec ASA,6.18,-0.03,-0.48%,100,0,N/A,N/A
HKT.MU,HK Electric Investments and HK Electric Investments Ltd,0.5567,-0.0033,-0.59%,N/A,0,N/A,N/A
UEI.DU,Terna SpA,8.08,+0.09,+1.18%,10,0,N/A,N/A
PSE.MU,Public Service Enterprise Group Inc,57.50,0.00,0.00%,880,15,N/A,N/A
EG4.MU,Enagas SA,18.17,+0.06,+0.30%,250,34,N/A,N/A
AV6.DU,Avista Corp,36.00,-0.40,-1.10%,200,3,N/A,N/A
EVN.SG,EVN AG,20.85,0.00,0.00%,0,113,N/A,N/A
ABO.HM,Clearvise AG,2.3400,0.0000,0.00%,"2,575",59,N/A,N/A
1ZK.DU,Elmera Group ASA,2.0500,+0.0060,+0.29%,N/A,0,N/A,N/A
06Y.MU,Polenergia SA,18.54,-0.06,-0.32%,50,0,N/A,N/A
66T.HA,Scatec ASA,6.21,-0.03,-0.48%,70,1,N/A,N/A
BJ6.BE,Beijing Jingneng Clean Energy Co Ltd,0.2180,-0.0040,-1.80%,N/A,0,N/A,N/A
TOG.DU,Tokyo Gas Co Ltd,20.00,-0.60,-2.91%,30,0,N/A,N/A
HOU.MU,CenterPoint Energy Inc,26.80,-0.20,-0.74%,50,0,N/A,N/A
CSG.DU,CMS Energy Corp,55.18,-0.20,-0.36%,20,0,N/A,N/A
E0E.SG,Ariston Holding NV,10.12,-0.19,-1.84%,0,322,N/A,N/A
CRP.BE,China Resources Power Holdings Co Ltd,1.9860,-0.0340,-1.68%,200,0,N/A,N/A
ENL.HA,Enel SpA,6.10,+0.00,+0.07%,"2,500",328,N/A,N/A
UEI.BE,Terna SpA,8.00,+0.05,+0.68%,125,0,N/A,N/A
GAN.MU,Naturgy Energy Group SA,26.78,+0.24,+0.90%,31,0,N/A,N/A
GUG.HM,Guangdong Investment Ltd,0.7925,-0.0010,-0.13%,81,1,N/A,N/A
7TE1.SG,ENGIE Brasil Energia SA,8.30,0.00,0.00%,0,0,N/A,N/A
FP3.MU,NextEra Energy Inc,68.23,+0.48,+0.71%,15,35,N/A,N/A
751.HA,Algonquin Power & Utilities Corp,7.54,-0.11,-1.46%,782,13,N/A,N/A
A9W1.BE,SIIC Environment Holdings Ltd,0.1310,-0.0040,-2.96%,"3,001",0,N/A,N/A
NY41.BE,Clearway Energy Inc,27.50,+0.20,+0.73%,100,5,N/A,N/A
PWD1.SG,Empresa Distribuidora y Comercializadora Norte SA,9.85,+0.15,+1.55%,0,2,N/A,N/A
L3X.SG,Centrais Eletricas Brasileiras SA,7.20,0.00,0.00%,0,34,N/A,N/A
EKT.HM,Energiekontor AG,72.10,+0.40,+0.56%,60,9,N/A,N/A
IEE.BE,Infratil Ltd,5.45,-0.15,-2.68%,"4,000",70,N/A,N/A
NVA4.MU,Ratch Group PCL,0.9500,0.0000,0.00%,750,0,N/A,N/A
DGY.BE,DTE Energy Co,104.00,+1.00,+0.97%,6,0,N/A,N/A
ABO.BE,Clearvise AG,2.3400,0.0000,0.00%,"2,800",49,N/A,N/A
OEWA.HA,Verbund AG,74.15,-1.45,-1.92%,101,3,N/A,N/A
2CP.SG,Capital Power Corp,30.80,+0.20,+0.65%,0,0,N/A,N/A
66T.MU,Scatec ASA,6.18,+0.03,+0.41%,20,5,N/A,N/A
D2G.SG,Orsted A/S,90.52,+2.40,+2.72%,25,101,N/A,N/A
WT5.BE,California Water Service Group,47.60,+0.20,+0.42%,5,0,N/A,N/A
CRP.MU,China Resources Power Holdings Co Ltd,1.9790,+0.0080,+0.41%,"2,000",35,N/A,N/A
SE4.MU,Sempra Energy,137.00,0.00,0.00%,60,1,N/A,N/A
CUD.DU,Canadian Utilities Ltd,24.20,+0.20,+0.83%,15,0,N/A,N/A
BJI.SG,Datang International Power Generation Co Ltd,0.1610,-0.0010,-0.62%,0,"1,263",N/A,N/A
3E7.BE,Evergy Inc,54.00,0.00,0.00%,3,0,N/A,N/A
OEW.SG,Verbund AG,14.10,-0.70,-4.73%,0,0,N/A,N/A
G0J.F,Good Energy Group PLC,2.0200,-0.0400,-1.94%,"3,000",3,N/A,N/A
I6B.F,Enefit Green AS,4.2820,-0.0480,-1.11%,354,73,N/A,N/A
L3XB.SG,Centrais Eletricas Brasileiras SA,7.20,-0.15,-2.04%,0,7,N/A,N/A
0TA.MU,TransAlta Renewables Inc,8.21,0.00,0.00%,"2,582",82,N/A,N/A
7TE1.MU,ENGIE Brasil Energia SA,8.40,0.00,0.00%,40,18,N/A,N/A
UMA.SG,AS Latvijas Gaze,9.12,-0.02,-0.22%,0,0,N/A,N/A
PP9.BE,PPL Corp,24.54,-0.16,-0.65%,280,4,N/A,N/A
HPD.SG,China Power International Development Ltd,0.3248,+0.0046,+1.44%,0,40,N/A,N/A
CEZ.SG,CEZ a.s,43.36,+0.12,+0.28%,0,47,N/A,N/A
HUN2.HA,Beijing Enterprises Water Group Ltd,0.2202,0.0000,0.00%,100,1,N/A,N/A
0V6.MU,Vistra Corp,23.20,0.00,0.00%,100,0,N/A,N/A
BIU2.MU,China Everbright Water Ltd,0.1510,0.0000,0.00%,"40,000",0,N/A,N/A
94C.MU,CGN Power Co Ltd,0.2300,-0.0020,-0.86%,"1,000",0,N/A,N/A
PCG.SG,PG&E Corp,16.01,+0.25,+1.57%,0,174,N/A,N/A
PGJ.BE,Towngas Smart Energy Co Ltd,0.4160,+0.0200,+5.05%,"2,500",0,N/A,N/A
8770.SG,Altus Power Inc,4.9200,+0.1000,+2.07%,0,9,N/A,N/A
3SH.MU,Shunfeng International Clean Energy Ltd,0.0030,0.0000,0.00%,"50,000",877,N/A,N/A
WT5.SG,California Water Service Group,47.20,+0.60,+1.29%,0,0,N/A,N/A
ECGF.BE,Electricity Generating PCL,3.6000,-0.0400,-1.10%,200,0,N/A,N/A
0AS.MU,Entech SA,9.84,-0.16,-1.60%,5,0,N/A,N/A
C61.DU,Emera Inc,37.72,+0.16,+0.43%,5,0,N/A,N/A
SVT1.DU,Severn Trent PLC,31.62,+0.36,+1.15%,5,0,N/A,N/A
AEBA.MU,ALLETE Inc,55.50,-0.50,-0.89%,99,0,N/A,N/A
355.BE,Enel Chile SA,3.0600,+0.1000,+3.38%,70,1,N/A,N/A
7MN.BE,Minesto AB,0.3940,-0.0065,-1.62%,"10,000",175,N/A,N/A
TL6.F,Tianjin Jinran Public Utilities Co Ltd,0.0325,-0.0005,-1.52%,90,19,N/A,N/A
F1P.BE,TTW PCL,0.2200,0.0000,0.00%,"3,000",0,N/A,N/A
AEO.SG,Atmos Energy Corp,107.90,+0.35,+0.33%,0,0,N/A,N/A
AES.MU,The AES Corp,19.54,+0.33,+1.72%,30,0,N/A,N/A
SNM.DU,Snam SpA,5.07,+0.08,+1.56%,100,1,N/A,N/A
CEZ.MU,CEZ a.s,43.48,0.00,0.00%,4,29,N/A,N/A
GUG.HA,Guangdong Investment Ltd,0.7920,-0.0015,-0.19%,"3,500",0,N/A,N/A
3SH.MU,Shunfeng International Clean Energy Ltd,0.0030,0.0000,0.00%,"50,000",877,N/A,N/A
WT5.SG,California Water Service Group,47.20,+0.60,+1.29%,0,0,N/A,N/A
OEWA.HA,Verbund AG,74.15,-1.45,-1.92%,101,3,N/A,N/A
SHX.DU,Huadian Power International Corp Ltd,0.4000,-0.0160,-3.85%,"1,000",0,N/A,N/A
HEH.HA,Power Assets Holdings Ltd,4.8200,+0.0400,+0.84%,"1,000",0,N/A,N/A
CUD.DU,Canadian Utilities Ltd,24.20,+0.20,+0.83%,15,0,N/A,N/A
BJI.SG,Datang International Power Generation Co Ltd,0.1610,-0.0010,-0.62%,0,"1,263",N/A,N/A
3E7.BE,Evergy Inc,54.00,0.00,0.00%,3,0,N/A,N/A
EIX.SG,Edison International,64.48,+1.92,+3.07%,0,1,N/A,N/A
9PAA.BE,Pampa Energia SA,37.60,+2.40,+6.82%,21,0,N/A,N/A
OEW.SG,Verbund AG,14.10,-0.70,-4.73%,0,0,N/A,N/A
7JU.MU,ReNew Energy Global PLC,5.24,+0.10,+1.94%,"2,006",35,N/A,N/A
ENLA.SG,Enel SpA,5.95,+0.05,+0.85%,0,25,N/A,N/A
D2MN.SG,Duke Energy Corp,84.70,+0.80,+0.95%,0,47,N/A,N/A
NG0.SG,Nippon Gas Co Ltd,12.60,-0.10,-0.79%,0,0,N/A,N/A
F1P2.SG,TTW PCL,0.2300,0.0000,0.00%,0,0,N/A,N/A
1ZK.DU,Elmera Group ASA,2.0500,+0.0060,+0.29%,N/A,0,N/A,N/A
FOT.MU,Fortum Oyj,13.15,0.00,0.00%,37,66,N/A,N/A
66T.HA,Scatec ASA,6.21,-0.03,-0.48%,70,1,N/A,N/A
ETY.BE,Entergy Corp,93.00,-0.50,-0.53%,2,0,N/A,N/A
TOG.DU,Tokyo Gas Co Ltd,20.00,-0.60,-2.91%,30,0,N/A,N/A
LYV.BE,Orron Energy AB,1.0470,-0.0265,-2.47%,"1,000",0,N/A,N/A
AV6.BE,Avista Corp,36.60,0.00,0.00%,20,0,N/A,N/A
L3X.BE,Centrais Eletricas Brasileiras SA,7.40,+0.05,+0.68%,196,11,N/A,N/A
6WX.BE,China Longyuan Power Group Corp Ltd,0.9718,+0.0258,+2.73%,500,8,N/A,N/A
UEI.BE,Terna SpA,8.00,+0.05,+0.68%,125,0,N/A,N/A
GAN.MU,Naturgy Energy Group SA,26.78,+0.24,+0.90%,31,0,N/A,N/A
GUG.HM,Guangdong Investment Ltd,0.7925,-0.0010,-0.13%,81,1,N/A,N/A
FP3.MU,NextEra Energy Inc,68.23,+0.48,+0.71%,15,35,N/A,N/A
751.HA,Algonquin Power & Utilities Corp,7.54,-0.11,-1.46%,782,13,N/A,N/A
AES.MU,The AES Corp,19.54,+0.33,+1.72%,30,0,N/A,N/A
SNM.DU,Snam SpA,5.07,+0.08,+1.56%,100,1,N/A,N/A
HK51.MU,Concord New Energy Group Ltd,0.0740,-0.0010,-1.33%,"30,000",0,N/A,N/A
DGY.BE,DTE Energy Co,104.00,+1.00,+0.97%,6,0,N/A,N/A
ABO.BE,Clearvise AG,2.3400,0.0000,0.00%,"2,800",49,N/A,N/A
2CP.SG,Capital Power Corp,30.80,+0.20,+0.65%,0,0,N/A,N/A
59W.DU,Toho Gas Co Ltd,16.10,0.00,0.00%,20,0,N/A,N/A
66T.MU,Scatec ASA,6.18,+0.03,+0.41%,20,5,N/A,N/A
D2G.SG,Orsted A/S,90.52,+2.40,+2.72%,25,101,N/A,N/A
WT5.BE,California Water Service Group,47.60,+0.20,+0.42%,5,0,N/A,N/A
CRP.MU,China Resources Power Holdings Co Ltd,1.9790,+0.0080,+0.41%,"2,000",35,N/A,N/A
SE4.MU,Sempra Energy,137.00,0.00,0.00%,60,1,N/A,N/A
DGY.SG,DTE Energy Co,104.00,+2.00,+1.96%,0,0,N/A,N/A
F1P.BE,TTW PCL,0.2200,0.0000,0.00%,"3,000",0,N/A,N/A
EDPA.F,EDP - Energias de Portugal SA,45.00,+0.40,+0.90%,10,0,N/A,N/A
NNGD.HA,National Grid PLC,60.50,+3.35,+5.85%,4,0,N/A,N/A
UN01.MU,Uniper SE,5.46,+0.43,+8.46%,"1,000","2,424",N/A,N/A
2K6.BE,None,0.5922,+0.0222,+3.89%,N/A,0,N/A,N/A
VRQ1.MU,Vergnet SA,0.5010,-0.2790,-35.77%,1,6,N/A,N/A
EBZ.DU,China Gas Holdings Ltd,1.0400,-0.0200,-1.89%,N/A,0,N/A,N/A
CUBB.BE,China Water Affairs Group Ltd,0.6745,+0.0065,+0.97%,400,7,N/A,N/A
CNM1.MU,Carnegie Clean Energy Ltd,0.0010,0.0000,0.00%,"695,100","12,194",N/A,N/A
FHW.MU,Fernheizwerk Neukoelln AG,39.00,0.00,0.00%,2,4,N/A,N/A
OPB.F,OPG Power Ventures PLC,0.0960,0.0000,0.00%,"3,370",59,N/A,N/A
T8T.SG,Telecom Plus PLC,17.22,+0.40,+2.38%,0,0,N/A,N/A
FHW.DU,Fernheizwerk Neukoelln AG,38.60,-0.20,-0.52%,130,1,N/A,N/A
59K.MU,Chugoku Electric Power Co Inc,6.10,-0.10,-1.61%,130,0,N/A,N/A
69J.DU,Opdenergy Holding SA,5.57,0.00,0.00%,N/A,0,N/A,N/A
7VZ.MU,Altius Renewable Royalties Corp,6.20,0.00,0.00%,300,7,N/A,N/A
69J.F,Opdenergy Holding SA,3.8950,0.0000,0.00%,200,0,N/A,N/A
CHH.MU,CK Infrastructure Holdings Ltd,5.03,0.00,0.00%,111,0,N/A,N/A
EBK.DU,EnBW Energie Baden-Wuerttemberg AG,85.00,0.00,0.00%,1,1,N/A,N/A
PU8.MU,Public Power Corp SA,10.02,-0.12,-1.18%,240,4,N/A,N/A
OPB.SG,OPG Power Ventures PLC,0.0975,0.0000,0.00%,0,0,N/A,N/A
ECV.HM,Encavis AG,15.78,-0.02,-0.13%,"25,887",196,N/A,N/A
69J.SG,Opdenergy Holding SA,5.59,-0.01,-0.18%,0,0,N/A,N/A
EBK.MU,EnBW Energie Baden-Wuerttemberg AG,87.80,0.00,0.00%,1,2,N/A,N/A
15M1.MU,Meridian Energy Ltd,3.0600,+0.0200,+0.66%,300,94,N/A,N/A
GZF.HA,Engie SA,14.20,+0.01,+0.07%,500,42,N/A,N/A
KPO.SG,Kansai Electric Power Co Inc,11.40,0.00,0.00%,0,33,N/A,N/A
UN01.DU,Uniper SE,5.28,+0.25,+4.97%,130,"3,283",N/A,N/A
3LUA.MU,Green Hydrogen Systems A/S,1.7180,-0.6120,-26.27%,477,8,N/A,N/A
CENB.DU,Centrica PLC,1.3700,+0.0200,+1.48%,422,7,N/A,N/A
6PG.MU,Polska Grupa Energetyczna SA,1.6440,+0.0335,+2.08%,560,0,N/A,N/A
59K.DU,Chugoku Electric Power Co Inc,5.80,-0.05,-0.85%,N/A,0,N/A,N/A
UN01.HA,Uniper SE,5.49,+0.41,+8.16%,18,351,N/A,N/A
4AZ.MU,Azelio AB,0.0509,0.0000,0.00%,"75,000","1,320",N/A,N/A
ENA.SG,Endesa SA,20.62,-0.19,-0.91%,0,29,N/A,N/A
7VZ.DU,Altius Renewable Royalties Corp,6.00,-0.10,-1.64%,15,0,N/A,N/A
CID.MU,Energy Company of Minas Gerais,2.3800,0.0000,0.00%,50,0,N/A,N/A
60P.MU,Fusion Fuel Green PLC,2.1200,-0.0550,-2.53%,22,35,N/A,N/A
E7S.BE,Constellation Energy Corp,85.01,-0.25,-0.29%,5,0,N/A,N/A
AY3.SG,Atlantica Sustainable Infrastructure PLC,21.91,+0.17,+0.78%,0,10,N/A,N/A
KOP.SG,Korea Electric Power Corp,6.70,+0.15,+2.29%,0,43,N/A,N/A
GZF.SG,Engie SA,14.39,+0.19,+1.34%,100,999,N/A,N/A
CID.SG,Energy Company of Minas Gerais,2.3600,0.0000,0.00%,0,0,N/A,N/A
L5Q.SG,Charwood Energy SA,5.78,+0.08,+1.40%,0,0,N/A,N/A
8SA.SG,E-Pango SA,1.9400,-0.0600,-3.00%,0,0,N/A,N/A
ER9.SG,ERG SPA,26.48,-0.04,-0.15%,0,0,N/A,N/A
6PG.SG,Polska Grupa Energetyczna SA,1.6040,+0.0160,+1.01%,0,0,N/A,N/A
OCE.BE,Cortus Energy AB,0.0102,-0.0001,-0.97%,"95,000",0,N/A,N/A
LGR.SG,Spire Inc,57.50,0.00,0.00%,0,10,N/A,N/A
BH4.SG,Burgenland Holding AG,75.00,0.00,0.00%,0,0,N/A,N/A
SLE1.F,"Via Renewables, Inc.",14.80,-0.10,-0.67%,170,27,N/A,13.32
8H1.BE,Hydro One Ltd,25.60,-0.20,-0.78%,3,0,N/A,N/A
HUN2.BE,Beijing Enterprises Water Group Ltd,0.2250,-0.0032,-1.40%,"2,000",0,N/A,N/A
EVN.DU,EVN AG,20.65,0.00,0.00%,50,0,N/A,N/A
HNM.BE,Ormat Technologies Inc,78.30,+0.75,+0.97%,25,0,N/A,N/A
AOR.SG,Solaria Energia y Medio Ambiente SA,13.46,+0.09,+0.67%,0,41,N/A,N/A
AEP.SG,American Electric Power Co Inc,78.03,+0.80,+1.04%,0,3,N/A,N/A
69J.BE,Opdenergy Holding SA,5.59,0.00,0.00%,N/A,0,N/A,N/A
4SM.DU,Magnora ASA,2.6600,+0.0350,+1.33%,370,6,N/A,N/A
7ES1.SG,Eastern Water Resources Development and Management PCL,0.1170,-0.0010,-0.85%,0,17,N/A,N/A
3SH.BE,Shunfeng International Clean Energy Ltd,0.0040,0.0000,0.00%,"20,000",0,N/A,N/A
FE7.MU,FirstEnergy Corp,35.86,0.00,0.00%,4,0,N/A,N/A
H3O1.DU,H2O Innovation Inc,2.0900,+0.0400,+1.95%,"2,000",0,N/A,N/A
D2G1.MU,Orsted A/S,28.40,0.00,0.00%,102,7,N/A,N/A
MVV1.MU,MVV Energie AG,30.60,-1.10,-3.47%,30,0,N/A,N/A
HNM.SG,Ormat Technologies Inc,79.15,+1.65,+2.13%,0,7,N/A,N/A
AOR.HA,Solaria Energia y Medio Ambiente SA,13.46,+0.09,+0.64%,N/A,0,N/A,N/A
UUEC.BE,United Utilities Group PLC,12.10,0.00,0.00%,55,0,N/A,N/A
HEH.MU,Power Assets Holdings Ltd,4.9400,0.0000,0.00%,"1,000",17,N/A,N/A
A2A.DU,Essential Utilities Inc,37.69,-0.23,-0.61%,200,3,N/A,N/A
12A.SG,Avangrid Inc,35.40,+0.20,+0.57%,0,1,N/A,N/A
ETG.SG,EnviTec Biogas AG,50.20,+0.30,+0.60%,56,205,N/A,N/A
GAN.SG,Naturgy Energy Group SA,26.78,+0.30,+1.13%,0,0,N/A,N/A
PP9.DU,PPL Corp,24.62,+0.05,+0.20%,14,0,N/A,N/A
RA5F.BE,Ratch Group PCL,0.9350,-0.0050,-0.53%,790,0,N/A,N/A
PWC.SG,Pinnacle West Capital Corp,76.20,+0.04,+0.05%,0,0,N/A,N/A
AWC.DU,American Water Works Co Inc,134.40,+0.20,+0.15%,7,1,N/A,N/A
PNE3.MU,PNE AG,14.24,-0.06,-0.42%,240,142,N/A,N/A
FP3.SG,NextEra Energy Inc,69.79,+1.85,+2.72%,142,426,N/A,N/A
L3XC.BE,Centrais Eletricas Brasileiras SA,8.30,-0.25,-2.92%,150,0,N/A,N/A
4SM.BE,Magnora ASA,2.6300,+0.0150,+0.57%,"1,000",17,N/A,N/A
GUG.MU,Guangdong Investment Ltd,0.7915,-0.0050,-0.63%,"2,800",0,N/A,N/A
12F.SG,Fortis Inc,38.98,+0.16,+0.41%,0,120,N/A,N/A
D2G.BE,Orsted A/S,89.26,+1.20,+1.36%,50,17,N/A,N/A
N4T.MU,Polaris Renewable Energy Inc,10.00,0.00,0.00%,57,8,N/A,N/A
UUEC.MU,United Utilities Group PLC,12.10,0.00,0.00%,1,0,N/A,N/A
HUN2.BE,Beijing Enterprises Water Group Ltd,0.2250,-0.0032,-1.40%,"2,000",0,N/A,N/A
8H1.BE,Hydro One Ltd,25.60,-0.20,-0.78%,3,0,N/A,N/A
EVN.DU,EVN AG,20.65,0.00,0.00%,50,0,N/A,N/A
HNM.BE,Ormat Technologies Inc,78.30,+0.75,+0.97%,25,0,N/A,N/A
AOR.SG,Solaria Energia y Medio Ambiente SA,13.46,+0.09,+0.67%,0,41,N/A,N/A
AEP.SG,American Electric Power Co Inc,78.03,+0.80,+1.04%,0,3,N/A,N/A
OG9.DU,ONE Gas Inc,70.00,-1.00,-1.41%,N/A,0,N/A,N/A
PEO.MU,Exelon Corp,37.12,0.00,0.00%,45,0,N/A,N/A
EVN.BE,EVN AG,20.70,-0.15,-0.72%,670,11,N/A,N/A
EG4.BE,Enagas SA,18.36,+0.15,+0.80%,25,3,N/A,N/A
E0E.BE,Ariston Holding NV,10.25,-0.12,-1.16%,"1,000",30,N/A,N/A
0V6.SG,Vistra Corp,22.80,+0.60,+2.70%,0,0,N/A,N/A
PEO.HA,Exelon Corp,37.11,+0.19,+0.50%,500,8,N/A,N/A
EYP.SG,Athens Water Supply & Sewerage Co,6.33,-0.19,-2.91%,0,0,N/A,N/A
7JU.DU,ReNew Energy Global PLC,5.55,+0.29,+5.41%,40,0,N/A,N/A
ELP1.BE,Cia Paranaense De Energia Copel,7.25,-0.15,-2.03%,200,0,N/A,N/A
YWA.BE,The York Water Co,39.80,+0.60,+1.53%,370,6,N/A,N/A
CW2.SG,Consolidated Water Co Ltd,20.00,0.00,0.00%,239,26,N/A,N/A
0V6.DU,Vistra Corp,22.80,+0.20,+0.88%,N/A,0,N/A,N/A
RN4.BE,REN-Redes Energeticas Nacionais Sgps SA,2.4750,-0.0050,-0.20%,500,0,N/A,N/A
F1P.SG,TTW PCL,0.2200,0.0000,0.00%,0,0,N/A,N/A
CSG0.F,CMS Energy Corporation,17.30,-0.30,-1.70%,N/A,0,N/A,N/A
9PS.F,Agripower France SA,5.08,-0.06,-1.17%,552,9,N/A,N/A
EDP.DU,EDP - Energias de Portugal SA,4.6550,+0.0470,+1.02%,990,22,N/A,N/A
PGJ.DU,Towngas Smart Energy Co Ltd,0.3960,+0.0220,+5.88%,N/A,0,N/A,N/A
PNE3.HM,PNE AG,14.12,-0.16,-1.12%,"1,000",80,N/A,N/A
ENA.DU,Endesa SA,20.95,+0.24,+1.16%,500,8,N/A,N/A
0AS.HM,Entech SA,9.54,-0.18,-1.85%,N/A,0,N/A,N/A
SNM.HM,Snam SpA,5.0000,+0.0340,+0.68%,"4,600",98,N/A,N/A
5JT.MU,Innovatec SpA,1.4690,-0.0310,-2.07%,1,84,N/A,N/A
L3X.MU,Centrais Eletricas Brasileiras SA,7.40,-0.30,-3.90%,200,66,N/A,N/A
GY2.MU,SolarBank Corp,5.25,-0.10,-1.87%,180,204,N/A,N/A
D2G.MU,Orsted A/S,90.14,+2.08,+2.36%,30,5,N/A,N/A
355.MU,Enel Chile SA,2.8400,+0.0400,+1.43%,"1,000",23,N/A,N/A
MVV1.HM,MVV Energie AG,30.60,-1.20,-3.77%,20,28,N/A,N/A
CLP1.MU,CLP Holdings Ltd,6.35,-0.15,-2.31%,"1,200",21,N/A,N/A
EKT.MU,Energiekontor AG,72.00,+0.70,+0.98%,20,20,N/A,N/A
D2MN.HM,Duke Energy Corp,83.80,-0.10,-0.12%,50,0,N/A,N/A
D2MN.HA,Duke Energy Corp,83.80,-0.10,-0.12%,270,0,N/A,N/A
NWK.MU,Northwest Natural Holding Co,39.22,-0.74,-1.85%,100,5,N/A,N/A
CLP.MU,CLP Holdings Ltd,6.60,+0.05,+0.76%,"2,000",0,N/A,N/A
SOT.MU,Southern Co,64.42,-0.50,-0.77%,170,2,N/A,N/A
NNGF.BE,National Grid PLC,12.30,+0.20,+1.65%,750,13,N/A,N/A
EOAA.DU,E.ON SE,11.00,+0.10,+0.92%,100,4,N/A,N/A
52K.BE,Cloudberry Clean Energy ASA,1.1580,+0.0300,+2.66%,"2,000",43,N/A,N/A
IBE1.HA,Iberdrola SA,11.56,+0.02,+0.17%,218,38,N/A,N/A
HNM.DE,Ormat Technologies Inc,78.40,-0.10,-0.13%,40,8,3.872B,28.02
EDP.BE,EDP - Energias de Portugal SA,4.6230,+0.0430,+0.94%,120,346,N/A,N/A
AWC.BE,American Water Works Co Inc,134.80,+0.40,+0.30%,5,1,N/A,N/A
SHX.HM,Huadian Power International Corp Ltd,0.4020,-0.0120,-2.90%,0,0,N/A,N/A
F1P2.BE,TTW PCL,0.2280,0.0000,0.00%,"3,649",0,N/A,N/A
AES.BE,The AES Corp,19.54,+0.45,+2.36%,50,0,N/A,N/A
4DA.SG,OX2 AB,6.67,+0.03,+0.38%,0,12,N/A,N/A
N1N.DU,Neoen SA,29.54,+0.32,+1.10%,40,0,N/A,N/A
HCG.BE,Hong Kong and China Gas Co Ltd,0.8050,+0.0100,+1.26%,200,0,N/A,N/A
PNE3.SG,PNE AG,14.14,0.00,0.00%,"4,030","3,153",N/A,N/A
EOAN.BE,E.ON SE,11.42,+0.23,+2.06%,285,"1,411",N/A,N/A
AWC.SG,American Water Works Co Inc,136.20,+2.60,+1.95%,1,64,N/A,N/A
A1T.MU,AS Tallinna Vesi,12.20,0.00,0.00%,150,8,N/A,N/A
751.DU,Algonquin Power & Utilities Corp,7.46,-0.02,-0.29%,267,8,N/A,N/A
CUD.MU,Canadian Utilities Ltd,24.20,0.00,0.00%,300,0,N/A,N/A
EYP.BE,Athens Water Supply & Sewerage Co,6.94,+0.03,+0.43%,100,1,N/A,N/A
12A.DU,Avangrid Inc,35.00,0.00,0.00%,25,0,N/A,N/A
4DA.MU,OX2 AB,6.65,0.00,0.00%,100,22,N/A,N/A
EOAN.DU,E.ON SE,11.35,+0.21,+1.93%,248,"1,084",N/A,N/A
2CP.BE,Capital Power Corp,30.80,+0.20,+0.65%,80,0,N/A,N/A
I10.MU,Italgas SpA,5.49,-0.12,-2.14%,"1,600",0,N/A,N/A
CSG.SG,CMS Energy Corp,55.80,+0.64,+1.16%,0,0,N/A,N/A
PGJ.SG,Towngas Smart Energy Co Ltd,0.4020,+0.0220,+5.79%,0,0,N/A,N/A
B3H.MU,Boralex Inc,25.73,0.00,0.00%,10,0,N/A,N/A
SNM0.SG,Snam SpA,9.85,+0.20,+2.07%,0,2,N/A,N/A
CLP1.MU,CLP Holdings Ltd,6.35,-0.15,-2.31%,"1,200",21,N/A,N/A
EKT.MU,Energiekontor AG,72.00,+0.70,+0.98%,20,20,N/A,N/A
D2MN.HM,Duke Energy Corp,83.80,-0.10,-0.12%,50,0,N/A,N/A
D2MN.HA,Duke Energy Corp,83.80,-0.10,-0.12%,270,0,N/A,N/A
NWK.MU,Northwest Natural Holding Co,39.22,-0.74,-1.85%,100,5,N/A,N/A
L3X.MU,Centrais Eletricas Brasileiras SA,7.40,-0.30,-3.90%,200,66,N/A,N/A
EOAA.DU,E.ON SE,11.00,+0.10,+0.92%,100,4,N/A,N/A
EDP.DU,EDP - Energias de Portugal SA,4.6550,+0.0470,+1.02%,990,22,N/A,N/A
PGJ.DU,Towngas Smart Energy Co Ltd,0.3960,+0.0220,+5.88%,N/A,0,N/A,N/A
9PS.F,Agripower France SA,5.08,-0.06,-1.17%,552,9,N/A,N/A
CSG0.F,CMS Energy Corporation,17.30,-0.30,-1.70%,N/A,0,N/A,N/A
UN01.SG,Uniper SE,5.29,+0.21,+4.10%,"27,567","44,523",N/A,N/A
F1P.SG,TTW PCL,0.2200,0.0000,0.00%,0,0,N/A,N/A
EOAN.BE,E.ON SE,11.42,+0.23,+2.06%,285,"1,411",N/A,N/A
7JU.DU,ReNew Energy Global PLC,5.55,+0.29,+5.41%,40,0,N/A,N/A
RA5F.BE,Ratch Group PCL,0.9350,-0.0050,-0.53%,790,0,N/A,N/A
PWC.SG,Pinnacle West Capital Corp,76.20,+0.04,+0.05%,0,0,N/A,N/A
AWC.DU,American Water Works Co Inc,134.40,+0.20,+0.15%,7,1,N/A,N/A
PNE3.MU,PNE AG,14.24,-0.06,-0.42%,240,142,N/A,N/A
FP3.SG,NextEra Energy Inc,69.79,+1.85,+2.72%,142,426,N/A,N/A
GY2.MU,SolarBank Corp,5.25,-0.10,-1.87%,180,204,N/A,N/A
D2G.MU,Orsted A/S,90.14,+2.08,+2.36%,30,5,N/A,N/A
PNE3.HM,PNE AG,14.12,-0.16,-1.12%,"1,000",80,N/A,N/A
ENA.DU,Endesa SA,20.95,+0.24,+1.16%,500,8,N/A,N/A
0AS.HM,Entech SA,9.54,-0.18,-1.85%,N/A,0,N/A,N/A
RN4.BE,REN-Redes Energeticas Nacionais Sgps SA,2.4750,-0.0050,-0.20%,500,0,N/A,N/A
IBE1.HA,Iberdrola SA,11.56,+0.02,+0.17%,218,38,N/A,N/A
HNM.MU,Ormat Technologies Inc,78.65,0.00,0.00%,30,0,N/A,N/A
FDK.BE,American States Water Co,79.60,-0.75,-0.93%,32,0,N/A,N/A
A4W.SG,Arise AB,4.1800,+0.0250,+0.60%,0,311,N/A,N/A
NNGF.BE,National Grid PLC,12.30,+0.20,+1.65%,750,13,N/A,N/A
5JT.MU,Innovatec SpA,1.4690,-0.0310,-2.07%,1,84,N/A,N/A
52K.BE,Cloudberry Clean Energy ASA,1.1580,+0.0300,+2.66%,"2,000",43,N/A,N/A
SOT.MU,Southern Co,64.42,-0.50,-0.77%,170,2,N/A,N/A
CLP.MU,CLP Holdings Ltd,6.60,+0.05,+0.76%,"2,000",0,N/A,N/A
355.MU,Enel Chile SA,2.8400,+0.0400,+1.43%,"1,000",23,N/A,N/A
VRQ1.SG,Vergnet SA,0.5375,-0.1555,-22.44%,N/A,7,N/A,N/A
2K6.MU,PowerTap Hydrogen Capital Corp,0.5700,-0.3300,-36.67%,N/A,0,N/A,N/A
DH4.SG,Energy Solar Tech SA,6.54,-0.10,-1.51%,0,N/A,N/A,N/A
S12.MU,Spark Power Group Inc,0.2520,0.0000,0.00%,N/A,0,N/A,N/A
54F.MU,Audax Renovables SA,1.2800,+0.0060,+0.47%,N/A,0,N/A,N/A
HUP1.BE,Huaneng Power International Inc,0.4980,-0.0170,-3.30%,"13,000",0,N/A,N/A
AY3.MU,Atlantica Sustainable Infrastructure PLC,22.09,0.00,0.00%,231,4,N/A,N/A
KPO.BE,Kansai Electric Power Co Inc,11.30,-0.10,-0.88%,150,2,N/A,N/A
5IX.F,MPC Energy Solutions NV,0.9720,-0.0020,-0.21%,"2,000",214,79.491M,N/A
GQI.SG,GAIL (India) Ltd,7.05,0.00,0.00%,0,30,N/A,N/A
CNM1.SG,Carnegie Clean Energy Ltd,0.0008,0.0000,0.00%,0,0,N/A,N/A
L5Q.MU,Charwood Energy SA,5.86,0.00,0.00%,42,0,N/A,N/A
54F.DU,Audax Renovables SA,1.2820,+0.0040,+0.31%,"1,000",0,N/A,N/A
HK51.SG,Concord New Energy Group Ltd,0.0750,-0.0010,-1.32%,0,"2,017",N/A,N/A
TL6.BE,Tianjin Jinran Public Utilities Co Ltd,0.0245,-0.0005,-2.00%,"15,000",0,N/A,N/A
HPD.DU,China Power International Development Ltd,0.3244,-0.0007,-0.22%,"2,500",0,N/A,N/A
HYW.BE,HYDROTEC Gesellschaft fuer Wassertechnik AG,0.0500,0.0000,0.00%,"8,000",140,N/A,N/A
3U6.DU,UGI Corp,25.75,+0.51,+2.02%,140,16,N/A,N/A
EBZ.BE,China Gas Holdings Ltd,1.0800,+0.0100,+0.93%,92,0,N/A,N/A
PJZ.SG,APA Group,6.08,-0.09,-1.51%,0,7,N/A,N/A
GAN.DU,Naturgy Energy Group SA,26.98,+0.28,+1.05%,90,0,N/A,N/A
62L.MU,Norsk Solar AS,0.1895,0.0000,0.00%,"2,500",50,N/A,N/A
9KJ.MU,NX Filtration NV,10.48,+0.24,+2.34%,46,0,N/A,N/A
DCL.MU,Climeon AB,0.2465,0.0000,0.00%,"3,369",94,N/A,N/A
BVT.BE,Reliance Infrastructure Ltd,4.0200,-0.0400,-0.99%,19,2,N/A,N/A
3U6.BE,UGI Corp,25.41,-0.09,-0.35%,280,9,N/A,N/A
KOP.DU,Korea Electric Power Corp,6.50,-0.10,-1.52%,150,0,N/A,N/A
CENB.BE,Centrica PLC,1.3450,-0.0050,-0.37%,"1,000",17,N/A,N/A
3U6.MU,UGI Corp,25.66,-0.07,-0.27%,15,2,N/A,N/A
RWEA.SG,RWE AG,40.40,+0.60,+1.51%,0,57,N/A,N/A
3SQ1.MU,AHT Syngas Technology NV,33.80,+2.00,+6.29%,112,152,N/A,N/A
2ZC.SG,Cadiz Inc,4.0800,+0.0800,+2.00%,0,12,N/A,N/A
8610.DU,Energy Vault Holdings Inc,2.4850,-0.2250,-8.30%,330,133,N/A,N/A
1DK.BE,Global Bioenergies,3.6000,-0.2100,-5.51%,N/A,0,N/A,N/A
RWE.SG,RWE AG,40.42,+0.35,+0.87%,"10,494","11,318",N/A,N/A
PCHP.MU,Seri Industrial,4.0450,-0.1300,-3.11%,40,2,N/A,N/A
ENA.HM,Endesa SA,20.60,-0.22,-1.06%,500,17,N/A,N/A
MNV6.BE,Mainova AG,520.00,+5.00,+0.97%,6,0,N/A,N/A
EBK.BE,EnBW Energie Baden-Wuerttemberg AG,86.00,-1.40,-1.60%,5,1,N/A,N/A
76N.F,Kenon Holdings Ltd,23.20,+0.20,+0.87%,150,3,N/A,N/A
ER9.BE,ERG SPA,26.58,-0.16,-0.60%,12,0,N/A,N/A
82T.SG,Aega ASA,0.0532,-0.0010,-1.85%,0,0,N/A,N/A
PGB1.BE,PT Perusahaan Gas Negara Tbk,0.0715,+0.0005,+0.70%,0,0,N/A,N/A
EDC.DU,Consolidated Edison Inc,84.90,+0.20,+0.24%,5,0,N/A,N/A
OEWA.HM,Verbund AG,74.50,-1.15,-1.52%,25,3,N/A,N/A
EAM.MU,A2A SpA,1.6475,+0.0110,+0.67%,"1,000",0,N/A,N/A
CEZ.BE,CEZ a.s,43.36,+0.24,+0.56%,2,0,N/A,N/A
PGB1.SG,PT Perusahaan Gas Negara Tbk,0.0715,+0.0005,+0.70%,0,172,N/A,N/A
HK51.BE,Concord New Energy Group Ltd,0.0745,-0.0005,-0.67%,"50,000",0,N/A,N/A
0TA.BE,TransAlta Renewables Inc,8.04,-0.12,-1.42%,11,19,N/A,N/A
BIU2.SG,China Everbright Water Ltd,0.1370,-0.0010,-0.72%,0,"1,247",N/A,N/A
3SH.SG,Shunfeng International Clean Energy Ltd,0.0030,0.0000,0.00%,0,"3,157",N/A,N/A
N4T.SG,Polaris Renewable Energy Inc,9.70,0.00,0.00%,0,68,N/A,N/A
SHX.HA,Huadian Power International Corp Ltd,0.4040,-0.0100,-2.42%,N/A,0,N/A,N/A
4DA.BE,OX2 AB,6.57,-0.09,-1.28%,300,14,N/A,N/A
PSE.SG,Public Service Enterprise Group Inc,57.00,+0.50,+0.88%,0,30,N/A,N/A
WIC.BE,WEC Energy Group Inc,83.60,-0.10,-0.12%,18,0,N/A,N/A
MVV1.DU,MVV Energie AG,30.80,+0.30,+0.98%,140,11,N/A,N/A
SHX.MU,Huadian Power International Corp Ltd,0.4540,-0.0120,-2.58%,"2,400",0,N/A,N/A
N1N.SG,Neoen SA,29.32,+0.16,+0.55%,0,6,N/A,N/A
6WX.MU,China Longyuan Power Group Corp Ltd,0.9918,0.0000,0.00%,"2,100",36,N/A,N/A
AEP.MU,American Electric Power Co Inc,77.31,+0.24,+0.31%,10,0,N/A,N/A
IDJ.MU,Idacorp Inc,97.00,0.00,0.00%,11,0,N/A,N/A
CLP1.BE,CLP Holdings Ltd,6.75,+0.10,+1.50%,250,0,N/A,N/A
EDC.DU,Consolidated Edison Inc,84.90,+0.20,+0.24%,5,0,N/A,N/A
EDW.SG,EDP Renovaveis SA,18.93,+0.02,+0.11%,0,29,N/A,N/A
EAM.MU,A2A SpA,1.6475,+0.0110,+0.67%,"1,000",0,N/A,N/A
CEZ.BE,CEZ a.s,43.36,+0.24,+0.56%,2,0,N/A,N/A
PGB1.SG,PT Perusahaan Gas Negara Tbk,0.0715,+0.0005,+0.70%,0,172,N/A,N/A
HK51.BE,Concord New Energy Group Ltd,0.0745,-0.0005,-0.67%,"50,000",0,N/A,N/A
FDK.SG,American States Water Co,79.55,+1.55,+1.99%,0,5,N/A,N/A
0TA.BE,TransAlta Renewables Inc,8.04,-0.12,-1.42%,11,19,N/A,N/A
94C.SG,CGN Power Co Ltd,0.2200,+0.0140,+6.80%,0,386,N/A,N/A
4QX.MU,Groupe Okwind SA,26.50,+0.60,+2.32%,300,0,N/A,N/A
NNGD.MU,National Grid PLC,61.50,+2.35,+3.97%,200,0,N/A,N/A
EVN.MU,EVN AG,20.95,0.00,0.00%,50,31,N/A,N/A
FCW3.MU,Alerion CleanPower,30.20,0.00,0.00%,30,0,N/A,N/A
TOG.BE,Tokyo Gas Co Ltd,20.60,-0.20,-0.96%,20,0,N/A,N/A
NWJ.SG,Eversource Energy,65.50,+1.50,+2.34%,0,5,N/A,N/A
LYV.SG,Orron Energy AB,1.0710,0.0000,0.00%,0,131,N/A,N/A
SE4.SG,Sempra Energy,136.00,+1.00,+0.74%,80,0,N/A,N/A
OEWA.SG,Verbund AG,73.85,-2.40,-3.15%,10,62,N/A,N/A
OEWA.HM,Verbund AG,74.50,-1.15,-1.52%,25,3,N/A,N/A
000.DU,Greenvolt - Energias Renovaveis SA,6.77,+0.12,+1.80%,22,0,N/A,N/A
E4S.DU,Elia Group,117.50,+2.00,+1.73%,7,0,N/A,N/A
3SH.SG,Shunfeng International Clean Energy Ltd,0.0030,0.0000,0.00%,0,"3,157",N/A,N/A
1KS.DU,Shizuoka Gas Co Ltd,7.90,0.00,0.00%,N/A,0,N/A,N/A
SHX.HA,Huadian Power International Corp Ltd,0.4040,-0.0100,-2.42%,N/A,0,N/A,N/A
WWG.SG,Gelsenwasser AG,920.00,0.00,0.00%,0,1,N/A,N/A
N4T.SG,Polaris Renewable Energy Inc,9.70,0.00,0.00%,0,68,N/A,N/A
AE4.MU,Ameren Corp,77.00,0.00,0.00%,21,0,N/A,N/A
AV6.MU,Avista Corp,37.00,-0.40,-1.07%,1,0,N/A,N/A
ENL.DU,Enel SpA,6.07,+0.01,+0.20%,100,49,N/A,N/A
AEP.HA,American Electric Power Co Inc,77.31,+0.27,+0.35%,N/A,0,N/A,N/A
AVA.DU,Ascopiave SpA,2.4150,+0.0250,+1.05%,N/A,0,N/A,N/A
LGX1.BE,China Resources Gas Group Ltd,3.1400,+0.0200,+0.64%,0,0,N/A,N/A
8H1.SG,Hydro One Ltd,25.60,0.00,0.00%,0,0,N/A,N/A
6Z8.DU,Eviso SpA,2.2300,0.0000,0.00%,N/A,0,N/A,N/A
N4T.BE,Polaris Renewable Energy Inc,9.85,-0.05,-0.51%,1,0,N/A,N/A
4DA.BE,OX2 AB,6.57,-0.09,-1.28%,300,14,N/A,N/A
82T.SG,Aega ASA,0.0532,-0.0010,-1.85%,0,0,N/A,N/A
76N.F,Kenon Holdings Ltd,23.20,+0.20,+0.87%,150,3,N/A,N/A
ER9.BE,ERG SPA,26.58,-0.16,-0.60%,12,0,N/A,N/A
9UG.SG,Integrated Wind Solutions ASA,3.2200,0.0000,0.00%,0,0,N/A,N/A
98P.DU,PNM Resources Inc,41.80,-0.60,-1.42%,N/A,0,N/A,N/A
CRP.DU,China Resources Power Holdings Co Ltd,1.9440,-0.0030,-0.15%,90,0,N/A,N/A
66T.SG,Scatec ASA,6.17,+0.02,+0.33%,0,95,N/A,N/A
WT5.MU,California Water Service Group,47.80,0.00,0.00%,135,0,N/A,N/A
EOAA.SG,E.ON SE,11.20,+0.20,+1.82%,0,176,N/A,N/A
1NR.MU,Northland Power Inc,18.96,-0.38,-1.96%,130,2,N/A,N/A
OSA.SG,Osaka Gas Co Ltd,14.30,-0.20,-1.38%,0,0,N/A,N/A
UUEC.HA,United Utilities Group PLC,12.10,-0.10,-0.82%,50,0,N/A,N/A
FP3.BE,NextEra Energy Inc,67.76,+0.10,+0.15%,5,16,N/A,N/A
DCA.SG,ACEA SpA,13.62,+0.08,+0.59%,0,1,N/A,N/A
44T.MU,Terna Energy SA,19.96,0.00,0.00%,80,15,N/A,N/A
DOD.DU,Dominion Energy Inc,48.22,+0.18,+0.36%,12,0,N/A,N/A
FDK.HA,American States Water Co,79.40,+0.35,+0.44%,14,0,N/A,N/A
PWC.MU,Pinnacle West Capital Corp,76.22,+0.58,+0.77%,20,0,N/A,N/A
FJG.BE,Electric Power Development Co Ltd,13.20,-0.10,-0.75%,2,0,N/A,N/A
CLP1.BE,CLP Holdings Ltd,6.75,+0.10,+1.50%,250,0,N/A,N/A
DT7.MU,China Datang Corp Renewable Power Co Ltd,0.3100,+0.0040,+1.31%,"4,472",455,N/A,N/A
TZ1.MU,TransAlta Corp,8.75,+0.05,+0.57%,100,0,N/A,N/A
KO32.SG,Beijing Gas Blue Sky Holdings Ltd,0.0125,0.0000,0.00%,0,0,N/A,N/A
AE4.DU,Ameren Corp,76.00,0.00,0.00%,80,0,N/A,N/A
HUP1.SG,Huaneng Power International Inc,0.5150,-0.0100,-1.90%,"4,000",530,N/A,N/A
WIC.MU,WEC Energy Group Inc,83.60,0.00,0.00%,10,0,N/A,N/A
HCG.MU,Hong Kong and China Gas Co Ltd,0.8350,0.0000,0.00%,1,0,N/A,N/A
NVA4.BE,Ratch Group PCL,0.9950,+0.0150,+1.53%,0,0,N/A,N/A
NY41.SG,Clearway Energy Inc,27.30,+0.15,+0.55%,0,0,N/A,N/A
BIU2.SG,China Everbright Water Ltd,0.1370,-0.0010,-0.72%,0,"1,247",N/A,N/A
SOT.DU,Southern Co,64.40,-0.30,-0.46%,80,1,N/A,N/A
L3XB.BE,Centrais Eletricas Brasileiras SA,7.40,-0.15,-1.99%,580,0,N/A,N/A
NWK.BE,Northwest Natural Holding Co,38.46,-0.74,-1.89%,70,0,N/A,N/A
4SM.SG,Magnora ASA,2.6550,-0.0050,-0.19%,0,180,N/A,N/A
N1N.SG,Neoen SA,29.32,+0.16,+0.55%,0,6,N/A,N/A
6WX.MU,China Longyuan Power Group Corp Ltd,0.9918,0.0000,0.00%,"2,100",36,N/A,N/A
AEP.MU,American Electric Power Co Inc,77.31,+0.24,+0.31%,10,0,N/A,N/A
IDJ.MU,Idacorp Inc,97.00,0.00,0.00%,11,0,N/A,N/A
PWD1.BE,Empresa Distribuidora y Comercializadora Norte SA,10.10,+0.35,+3.59%,0,0,N/A,N/A
GUG.SG,Guangdong Investment Ltd,0.8030,-0.0030,-0.37%,0,"2,042",N/A,N/A
E0E.DU,Ariston Holding NV,10.30,-0.06,-0.58%,300,36,N/A,N/A
CEZ.DU,CEZ a.s,43.24,-0.08,-0.18%,100,11,N/A,N/A
8900.SG,Memiontec Holdings Ltd,0.0990,-0.0350,-26.12%,0,588,N/A,N/A
EN2.SG,Energa SA,1.7450,-0.0050,-0.29%,0,0,N/A,N/A
OEWA.MU,Verbund AG,74.25,-1.35,-1.79%,150,8,N/A,N/A
HE9.SG,Hera SpA,2.8960,+0.0540,+1.90%,0,0,N/A,N/A
A1T.SG,AS Tallinna Vesi,11.50,-0.10,-0.86%,0,0,N/A,N/A
58S.BE,Enea SA,1.4000,+0.0220,+1.60%,0,0,N/A,N/A
EDC.BE,Consolidated Edison Inc,85.10,+0.20,+0.24%,17,0,N/A,N/A
44T.BE,Terna Energy SA,19.70,0.00,0.00%,75,1,N/A,N/A
RE21.DU,Red Electrica Corporacion SA,16.55,+0.19,+1.19%,130,2,N/A,N/A
VLA.F,Voltalia SA,15.64,+0.12,+0.77%,200,3,N/A,N/A
T7P.BE,TPC Consolidated Ltd,2.7800,-0.0200,-0.71%,0,0,N/A,N/A
256.DU,Azure Power Global Ltd,1.4240,-0.1160,-7.53%,750,16,N/A,N/A
SAJA.MU,Companhia De Saneamento Basico Do Estado De Sao Paulo,10.20,-0.10,-0.97%,419,7,N/A,N/A
ENA.HA,Endesa SA,20.60,-0.22,-1.06%,"1,000",0,N/A,N/A
RWE.HA,RWE AG,40.01,+0.26,+0.65%,70,83,N/A,N/A
CH5.MU,Chesapeake Utilities Corp,117.00,-2.00,-1.68%,45,3,N/A,N/A
9C6.MU,China Suntien Green Energy Corp Ltd,0.3320,+0.0060,+1.84%,"2,692",0,N/A,N/A
60P.BE,Fusion Fuel Green PLC,2.0350,-0.0350,-1.69%,62,0,N/A,N/A
4AZ.BE,Azelio AB,0.0496,-0.0015,-2.94%,200,0,N/A,N/A
FOT.BE,Fortum Oyj,13.03,-0.12,-0.87%,210,0,N/A,N/A
1KW0.BE,Eco Wave Power Global AB,2.2800,+0.0400,+1.79%,700,0,N/A,N/A
1G6.BE,Genesis Energy Ltd,1.5100,-0.0300,-1.95%,"1,280",22,N/A,N/A
EVN.MU,EVN AG,20.95,0.00,0.00%,50,31,N/A,N/A
TOG.BE,Tokyo Gas Co Ltd,20.60,-0.20,-0.96%,20,0,N/A,N/A
NWJ.SG,Eversource Energy,65.50,+1.50,+2.34%,0,5,N/A,N/A
FJG.BE,Electric Power Development Co Ltd,13.20,-0.10,-0.75%,2,0,N/A,N/A
NY41.MU,Clearway Energy Inc,27.50,-0.15,-0.54%,30,0,N/A,N/A
DT7.MU,China Datang Corp Renewable Power Co Ltd,0.3100,+0.0040,+1.31%,"4,472",455,N/A,N/A
HUP1.SG,Huaneng Power International Inc,0.5150,-0.0100,-1.90%,"4,000",530,N/A,N/A
NVA4.BE,Ratch Group PCL,0.9950,+0.0150,+1.53%,0,0,N/A,N/A
PGB1.SG,PT Perusahaan Gas Negara Tbk,0.0715,+0.0005,+0.70%,0,172,N/A,N/A
CEZ.BE,CEZ a.s,43.36,+0.24,+0.56%,2,0,N/A,N/A
BIU2.SG,China Everbright Water Ltd,0.1370,-0.0010,-0.72%,0,"1,247",N/A,N/A
VLA.F,Voltalia SA,15.64,+0.12,+0.77%,200,3,N/A,N/A
EYP.DU,Athens Water Supply & Sewerage Co,6.72,0.00,0.00%,53,0,N/A,N/A
EBZ.HA,China Gas Holdings Ltd,1.0900,+0.0100,+0.93%,"1,000",0,N/A,N/A
5IX.MU,MPC Energy Solutions NV,1.0550,+0.0250,+2.43%,"6,000","4,691",N/A,N/A
CENB.MU,Centrica PLC,1.3700,0.0000,0.00%,"3,150",55,N/A,N/A
LEC.MU,Lechwerke AG,97.00,-1.50,-1.52%,50,15,N/A,N/A
RWE.BE,RWE AG,40.01,+0.29,+0.73%,130,114,N/A,N/A
0C2.BE,Chubu Electric Power Co Inc,10.90,-0.10,-0.91%,10,0,N/A,N/A
VLA.MU,Voltalia SA,15.84,0.00,0.00%,20,0,N/A,N/A
N9Z1.BE,AGL Energy Ltd,6.51,+0.54,+9.01%,230,0,N/A,N/A
E7S.MU,Constellation Energy Corp,85.91,-0.56,-0.65%,30,0,N/A,N/A
ENL.MU,Enel SpA,6.14,+0.05,+0.74%,"1,237",420,N/A,N/A
60P.DU,Fusion Fuel Green PLC,2.0650,+0.0690,+3.46%,200,0,N/A,N/A
KOP.MU,Korea Electric Power Corp,6.55,0.00,0.00%,500,0,N/A,N/A
NRA.DU,NRG Energy Inc,31.15,-0.20,-0.64%,13,0,N/A,N/A
HYW.HM,HYDROTEC Gesellschaft fuer Wassertechnik AG,0.0420,0.0000,0.00%,"1,800","1,407",N/A,N/A
TPO.BE,Tokyo Electric Power Co Holdings,3.2330,+0.0550,+1.73%,"1,000",0,N/A,N/A
ENAA.SG,Endesa SA,10.00,0.00,0.00%,0,34,N/A,N/A
TPO.MU,Tokyo Electric Power Co Holdings,3.2450,-0.0330,-1.01%,"2,000",43,N/A,N/A
EBZ.MU,China Gas Holdings Ltd,1.1000,0.0000,0.00%,85,0,N/A,N/A
76N.MU,Kenon Holdings Ltd,23.20,0.00,0.00%,15,4,N/A,N/A
KPO.DU,Kansai Electric Power Co Inc,11.20,0.00,0.00%,450,0,N/A,N/A
T8T.DU,Telecom Plus PLC,17.46,-0.16,-0.91%,1,0,N/A,N/A
CUBB.DU,China Water Affairs Group Ltd,0.6885,0.0000,0.00%,"10,000",175,N/A,N/A
CIDA.BE,Energy Company of Minas Gerais,2.3400,+0.0400,+1.74%,95,10,N/A,N/A
N9Z1.SG,AGL Energy Ltd,6.57,+0.58,+9.73%,0,31,N/A,N/A
GZF.MU,Engie SA,14.20,+0.01,+0.07%,14,44,N/A,N/A
EBZ.HM,China Gas Holdings Ltd,1.0900,+0.0100,+0.93%,"1,950",0,N/A,N/A
GZFB.MU,Engie SA,14.10,0.00,0.00%,80,37,N/A,N/A
T9W.F,Thessaloniki Water Supply & Sewerage Co SA,3.6900,+0.0500,+1.37%,"1,000",49,N/A,N/A
54F.SG,Audax Renovables SA,1.2680,+0.0220,+1.77%,0,17,N/A,N/A
1DK.F,Global Bioenergies,3.7150,+0.1050,+2.91%,90,39,N/A,N/A
UN01.BE,Uniper SE,5.38,+0.29,+5.74%,335,"1,586",N/A,N/A
BZB.BE,Contact Energy Ltd,4.4600,0.0000,0.00%,"1,200",0,N/A,N/A
J6J.SG,Atome Energy PLC,1.2100,+0.0500,+4.31%,0,0,N/A,N/A
NRA.SG,NRG Energy Inc,31.40,-0.15,-0.48%,0,14,N/A,N/A
E7S.SG,Constellation Energy Corp,85.53,0.00,0.00%,0,34,N/A,N/A
8610.SG,Energy Vault Holdings Inc,2.5000,-0.1200,-4.58%,0,"1,104",N/A,N/A
62L.F,Norsk Solar AS,0.1435,-0.0065,-4.33%,"1,880",33,N/A,N/A
CR9.MU,Smart Powerr Corp,1.8300,-0.0300,-1.61%,"1,000",0,N/A,N/A
IBE1.SG,Iberdrola SA,11.80,+0.21,+1.81%,273,"2,665",N/A,N/A
CRP.SG,China Resources Power Holdings Co Ltd,1.9595,+0.0035,+0.18%,0,107,N/A,N/A
BIU2.BE,China Everbright Water Ltd,0.1340,-0.0010,-0.74%,"2,500",0,N/A,N/A
3IX.SG,Innergex Renewable Energy Inc,9.15,+0.10,+1.10%,0,24,N/A,N/A
B3H.DU,Boralex Inc,25.69,+0.24,+0.94%,100,1,N/A,N/A
9C6.SG,China Suntien Green Energy Corp Ltd,0.3280,+0.0020,+0.61%,0,0,N/A,N/A
FDK.HM,American States Water Co,79.40,+0.35,+0.44%,35,0,N/A,N/A
UEI.MU,Terna SpA,8.02,0.00,0.00%,164,2,N/A,N/A
256.BE,Azure Power Global Ltd,1.5030,+0.0190,+1.28%,"1,000",0,N/A,N/A
T9W.BE,Thessaloniki Water Supply & Sewerage Co SA,3.7200,-0.0400,-1.06%,250,4,N/A,N/A
SLE.SG,Via Renewables Inc,9.93,+0.02,+0.20%,0,0,N/A,N/A
KOP.BE,Korea Electric Power Corp,6.70,+0.05,+0.75%,200,0,N/A,N/A
LEC.SG,Lechwerke AG,97.00,0.00,0.00%,70,12,N/A,N/A
9NK.SG,Clean Teq Water Ltd,0.1450,-0.0120,-7.64%,0,933,N/A,N/A
UEI.SG,Terna SpA,7.95,+0.10,+1.33%,0,3,N/A,N/A
FE7.BE,FirstEnergy Corp,35.48,-0.14,-0.39%,15,0,N/A,N/A
EIX.BE,Edison International,62.36,-0.16,-0.26%,20,0,N/A,N/A
EDP.SG,EDP - Energias de Portugal SA,4.6640,+0.0440,+0.95%,0,237,N/A,N/A
SVT1.BE,Severn Trent PLC,31.26,-0.17,-0.54%,100,0,N/A,N/A
YWA.MU,The York Water Co,39.80,-0.20,-0.50%,100,29,N/A,N/A
NY41.DU,Clearway Energy Inc,27.25,0.00,0.00%,4,2,N/A,N/A
ETG.DU,EnviTec Biogas AG,49.70,-0.10,-0.20%,500,8,N/A,N/A
HOU.BE,CenterPoint Energy Inc,26.60,-0.20,-0.75%,60,0,N/A,N/A
3PN.BE,Pennon Group PLC,8.85,-0.10,-1.12%,120,0,N/A,N/A
89W.MU,Grupo Ecoener SA,4.6000,0.0000,0.00%,13,0,N/A,N/A
HEH.HM,Power Assets Holdings Ltd,4.8200,+0.0600,+1.26%,"1,000",17,N/A,N/A
CUD.SG,Canadian Utilities Ltd,24.20,+0.40,+1.68%,0,4,N/A,N/A
BJ6.MU,Beijing Jingneng Clean Energy Co Ltd,0.2240,0.0000,0.00%,"5,000",0,N/A,N/A
WWG.DU,Gelsenwasser AG,915.00,0.00,0.00%,1,1,N/A,N/A
C41.F,"CGN New Energy Holdings Co., Ltd.",0.2560,+0.0080,+3.23%,"1,010",17,1.166B,6.40
5BP.HA,Corporacion Acciona Energias Renovables SA,31.68,+0.42,+1.34%,N/A,0,N/A,N/A
C61.SG,Emera Inc,37.81,+0.18,+0.48%,0,1,N/A,N/A
UMA.BE,AS Latvijas Gaze,8.36,+0.06,+0.72%,2,0,N/A,N/A
7ES.BE,Eastern Water Resources Development and Management PCL,0.1200,-0.0020,-1.64%,"4,000",0,N/A,N/A
TZ1.SG,TransAlta Corp,8.90,+0.20,+2.30%,0,0,N/A,N/A
AWC.MU,American Water Works Co Inc,134.80,-0.40,-0.30%,10,1,N/A,N/A
ELPA.BE,Cia Paranaense De Energia Copel,1.4600,-0.0100,-0.68%,475,0,N/A,N/A
SE4.DU,Sempra Energy,134.00,-1.00,-0.74%,7,0,N/A,N/A
EDC.SG,Consolidated Edison Inc,85.80,+0.30,+0.35%,0,11,N/A,N/A
L3XB.DU,Centrais Eletricas Brasileiras SA,7.40,+0.05,+0.68%,200,30,N/A,N/A
AVA.SG,Ascopiave SpA,2.3950,+0.0350,+1.48%,0,0,N/A,N/A
RA5F.SG,Ratch Group PCL,0.9250,0.0000,0.00%,0,0,N/A,N/A
CK7.BE,China Everbright Greentech Ltd,0.1500,+0.0020,+1.35%,"5,001",0,N/A,N/A
NOU.SG,NiSource Inc,25.20,+0.40,+1.61%,0,26,N/A,N/A
D2G.DE,Orsted A/S,90.04,+0.38,+0.42%,751,655,N/A,N/A
EOAN.MU,E.ON SE,11.41,+0.23,+2.06%,200,"2,278",N/A,N/A
NRN.BE,Xcel Energy Inc,58.26,+1.01,+1.76%,2,0,N/A,N/A
NWJ.MU,Eversource Energy,64.50,0.00,0.00%,50,1,N/A,N/A
PEO.HM,Exelon Corp,37.12,+0.20,+0.54%,1,0,N/A,N/A
RE21.MU,Red Electrica Corporacion SA,16.35,+0.10,+0.58%,900,15,N/A,N/A
HE9.DU,Hera SpA,2.8820,+0.0440,+1.55%,500,0,N/A,N/A
SVT1.SG,Severn Trent PLC,31.42,+0.13,+0.42%,0,9,N/A,N/A
PCG.BE,PG&E Corp,15.60,-0.18,-1.14%,50,0,N/A,N/A
UEI.MU,Terna SpA,8.02,0.00,0.00%,164,2,N/A,N/A
HWI.MU,Hawaiian Electric Industries Inc,35.00,0.00,0.00%,10,2,N/A,N/A
9PAA.MU,Pampa Energia SA,35.20,-0.20,-0.56%,80,2,N/A,N/A
AEO.MU,Atmos Energy Corp,108.25,0.00,0.00%,39,0,N/A,N/A
52K.DU,Cloudberry Clean Energy ASA,1.1440,+0.0260,+2.33%,"2,000",78,N/A,N/A
ETG.DU,EnviTec Biogas AG,49.70,-0.10,-0.20%,500,8,N/A,N/A
HOU.BE,CenterPoint Energy Inc,26.60,-0.20,-0.75%,60,0,N/A,N/A
YWA.MU,The York Water Co,39.80,-0.20,-0.50%,100,29,N/A,N/A
OEWA.BE,Verbund AG,74.15,-1.45,-1.92%,10,0,N/A,N/A
X1B.BE,Haffner Energy SA,2.0650,+0.0050,+0.24%,N/A,0,N/A,N/A
EG4.DU,Enagas SA,18.36,+0.24,+1.35%,50,12,N/A,N/A
ENA.BE,Endesa SA,20.63,-0.17,-0.82%,108,0,N/A,N/A
I10.BE,Italgas SpA,5.45,-0.11,-1.98%,500,8,N/A,N/A
ENL.BE,Enel SpA,6.10,+0.03,+0.44%,"1,000",208,N/A,N/A
CR9.BE,Smart Powerr Corp,1.7600,-0.0500,-2.76%,100,0,N/A,N/A
GZF.BE,Engie SA,14.20,+0.02,+0.11%,400,45,N/A,N/A
GAN.BE,Naturgy Energy Group SA,26.78,+0.28,+1.06%,100,0,N/A,N/A
8770.HM,Altus Power Inc,4.7800,+0.0800,+1.70%,215,0,N/A,N/A
NRA.BE,NRG Energy Inc,31.20,-0.05,-0.16%,100,0,N/A,N/A
FOT.DU,Fortum Oyj,12.85,-0.16,-1.27%,250,10,N/A,N/A
IBE1.BE,Iberdrola SA,11.78,+0.17,+1.46%,508,60,N/A,N/A
EIX.DU,Edison International,62.42,-0.22,-0.35%,40,0,N/A,N/A
I10.DU,Italgas SpA,5.53,+0.09,+1.65%,187,0,N/A,N/A
A4W.MU,Arise AB,4.1800,+0.0750,+1.83%,"1,000",317,N/A,N/A
1T5.MU,TAURON Polska Energia SA,0.5466,+0.0122,+2.28%,"1,000",0,N/A,N/A
SLE.MU,Via Renewables Inc,10.18,-0.06,-0.59%,10,0,N/A,N/A
CT1.MU,China Energine International holdings,0.0100,+0.0005,+5.26%,"1,000",36,N/A,N/A
TPO.DU,Tokyo Electric Power Co Holdings,3.2410,+0.1220,+3.91%,151,0,N/A,N/A
A9W1.MU,SIIC Environment Holdings Ltd,0.1240,+0.0020,+1.64%,"18,700",0,N/A,N/A
LYV.MU,Orron Energy AB,1.0885,-0.0210,-1.89%,1,0,N/A,N/A
MVV1.HA,MVV Energie AG,30.60,-1.20,-3.77%,25,0,N/A,N/A
EIX.BE,Edison International,62.36,-0.16,-0.26%,20,0,N/A,N/A
EDP.SG,EDP - Energias de Portugal SA,4.6640,+0.0440,+0.95%,0,237,N/A,N/A
SVT1.BE,Severn Trent PLC,31.26,-0.17,-0.54%,100,0,N/A,N/A
UEI.SG,Terna SpA,7.95,+0.10,+1.33%,0,3,N/A,N/A
3IX.SG,Innergex Renewable Energy Inc,9.15,+0.10,+1.10%,0,24,N/A,N/A
RA5F.SG,Ratch Group PCL,0.9250,0.0000,0.00%,0,0,N/A,N/A
CK7.BE,China Everbright Greentech Ltd,0.1500,+0.0020,+1.35%,"5,001",0,N/A,N/A
ECGF.MU,Electricity Generating PCL,3.8800,-0.0200,-0.51%,50,0,N/A,N/A
AEP.BE,American Electric Power Co Inc,77.32,+0.27,+0.35%,5,0,N/A,N/A
08M.MU,Holding Co ADMIE (IPTO) SA,2.1950,+0.2050,+10.30%,500,0,N/A,N/A
EOAA.MU,E.ON SE,11.20,0.00,0.00%,200,314,N/A,N/A
12F.MU,Fortis Inc,39.10,-0.18,-0.46%,"1,000",36,N/A,N/A
12F.BE,Fortis Inc,39.30,+0.28,+0.72%,5,0,N/A,N/A
EKT.SG,Energiekontor AG,72.30,-0.20,-0.28%,86,333,N/A,N/A
FE7.SG,FirstEnergy Corp,36.05,+0.39,+1.09%,0,5,N/A,N/A
8770.BE,Altus Power Inc,4.8000,-0.1800,-3.61%,N/A,0,N/A,N/A
ELPA.SG,Cia Paranaense De Energia Copel,1.3700,-0.0400,-2.84%,300,91,N/A,N/A
NY41.DU,Clearway Energy Inc,27.25,0.00,0.00%,4,2,N/A,N/A
9NK.SG,Clean Teq Water Ltd,0.1450,-0.0120,-7.64%,0,933,N/A,N/A
FE7.BE,FirstEnergy Corp,35.48,-0.14,-0.39%,15,0,N/A,N/A
HE9.MU,Hera SpA,2.8100,-0.0240,-0.85%,"9,526",0,N/A,N/A
A9W1.SG,SIIC Environment Holdings Ltd,0.1250,+0.0030,+2.46%,0,193,N/A,N/A
DOD.BE,Dominion Energy Inc,48.14,-0.26,-0.53%,20,0,N/A,N/A
3PN.BE,Pennon Group PLC,8.85,-0.10,-1.12%,120,0,N/A,N/A
89W.MU,Grupo Ecoener SA,4.6000,0.0000,0.00%,13,0,N/A,N/A
HEH.HM,Power Assets Holdings Ltd,4.8200,+0.0600,+1.26%,"1,000",17,N/A,N/A
CUD.SG,Canadian Utilities Ltd,24.20,+0.40,+1.68%,0,4,N/A,N/A
BJ6.MU,Beijing Jingneng Clean Energy Co Ltd,0.2240,0.0000,0.00%,"5,000",0,N/A,N/A
WWG.DU,Gelsenwasser AG,915.00,0.00,0.00%,1,1,N/A,N/A
C41.F,"CGN New Energy Holdings Co., Ltd.",0.2560,+0.0080,+3.23%,"1,010",17,1.166B,6.40
1T5.SG,TAURON Polska Energia SA,0.5424,+0.0060,+1.12%,0,0,N/A,N/A
TZ1.SG,TransAlta Corp,8.90,+0.20,+2.30%,0,0,N/A,N/A
0RQ.F,Zenabis Global Inc.,0.0232,-0.0006,-2.52%,"145,637",0,N/A,N/A
NG0.DU,Nippon Gas Co Ltd,12.60,+0.10,+0.80%,75,0,N/A,N/A
04B.HM,Green Impact Partners Inc,5.25,-0.10,-1.87%,N/A,0,N/A,N/A
A9W1.HM,SIIC Environment Holdings Ltd,0.1240,+0.0020,+1.64%,"10,000",175,N/A,N/A
D9F2.MU,Drax Group PLC,6.60,+0.01,+0.15%,2,0,N/A,N/A
IBE1.DU,Iberdrola SA,11.74,+0.19,+1.64%,400,37,N/A,N/A
RWE.MU,RWE AG,40.48,+0.49,+1.23%,"1,698",214,N/A,N/A
A9W1.HA,SIIC Environment Holdings Ltd,0.1240,+0.0020,+1.64%,N/A,0,N/A,N/A
EG4.HA,Enagas SA,18.17,+0.07,+0.36%,260,21,N/A,N/A
NNGF.HA,National Grid PLC,12.30,+0.20,+1.65%,791,21,N/A,N/A
UUEC.DU,United Utilities Group PLC,12.20,+0.20,+1.67%,50,0,N/A,N/A
CUD.BE,Canadian Utilities Ltd,24.00,0.00,0.00%,N/A,0,N/A,N/A
ETG.HA,EnviTec Biogas AG,49.40,-0.10,-0.20%,90,9,N/A,N/A
8770.MU,Altus Power Inc,4.8000,+0.1000,+2.13%,43,0,N/A,N/A
7JU.BE,ReNew Energy Global PLC,5.49,+0.20,+3.78%,300,0,N/A,N/A
HE9.BE,Hera SpA,2.9100,+0.0460,+1.61%,500,0,N/A,N/A
A4W.BE,Arise AB,4.2150,+0.0100,+0.24%,200,165,N/A,N/A
PSE.DU,Public Service Enterprise Group Inc,56.00,0.00,0.00%,150,0,N/A,N/A
AVA.SG,Ascopiave SpA,2.3950,+0.0350,+1.48%,0,0,N/A,N/A
1G6.SG,Genesis Energy Ltd,1.5000,-0.0300,-1.96%,0,15,N/A,N/A
VRQ1.BE,Vergnet SA,0.4872,-0.1783,-26.79%,N/A,0,N/A,N/A
2K6.F,Powertap Hydrogen Capital Corp.,0.6200,-0.1311,-17.45%,"8,200",0,1.092B,N/A
